image,ALB,BET,DOL,LAG,NoF,OTHER,SHARK,YFT
img_06237.jpg,0.000666601001285,0.0,0.0,0.0,0.000148154940689,0.0,0.0,0.999185264111
img_06893.jpg,6.4685222003e-29,0.0,0.0,0.0,1.25867273734e-28,0.0,0.0,1.0
img_02082.jpg,0.522369146347,0.0,0.0,0.0,0.477629810572,0.0,0.0,1.05215258372e-06
img_06261.jpg,3.29876049399e-29,0.0,0.0,0.0,1.71058420516e-37,0.0,0.0,1.0
img_03628.jpg,0.000440880598035,0.0,0.0,0.0,4.57931498277e-10,0.0,0.0,0.999559104443
img_04860.jpg,0.999950289726,0.0,0.0,0.0,4.93727893627e-05,0.0,0.0,3.39030776786e-07
img_01640.jpg,1.0,1.68155815719e-44,0.0,0.0,1.44761244658e-10,2.80259692865e-45,1.40129846432e-45,2.89175350332e-11
img_02709.jpg,0.000340607191902,0.0,0.0,0.0,4.80031765449e-08,0.0,0.0,0.99965929985
img_00030.jpg,0.453177452087,0.0,0.0,0.0,0.546774029732,0.0,0.0,4.85061100335e-05
img_04740.jpg,0.000704382255208,0.0,0.0,0.0,0.453443259001,0.0,0.0,0.545852303505
img_07746.jpg,1.37956521207e-10,0.0,0.0,0.0,1.93653357552e-16,0.0,0.0,1.0
img_02830.jpg,1.59867754385e-16,0.0,0.0,0.0,2.65916930993e-19,0.0,0.0,1.0
img_03195.jpg,9.59438229888e-21,0.0,0.0,0.0,2.39672445818e-16,0.0,0.0,1.0
img_06851.jpg,2.31595781359e-25,0.0,0.0,0.0,2.12768407913e-25,0.0,0.0,1.0
img_00075.jpg,0.999998211861,0.0,0.0,0.0,1.81372990937e-06,0.0,0.0,2.30669899075e-15
img_05989.jpg,0.000527786265593,0.0,0.0,0.0,1.68393210487e-08,0.0,0.0,0.999472200871
img_03254.jpg,9.69089018525e-16,0.0,0.0,0.0,1.88687122629e-19,1.07899981753e-43,0.0,1.0
img_02083.jpg,0.000275599741144,0.0,0.0,0.0,0.999724328518,0.0,0.0,2.52737108467e-16
img_03718.jpg,0.999999046326,0.0,0.0,0.0,9.04817852643e-07,0.0,0.0,5.3931870081e-10
img_07434.jpg,0.000134235699079,2.76574277904e-41,0.0,0.0,0.99986577034,0.0,0.0,7.63994390755e-13
img_04382.jpg,3.64410799945e-19,0.0,0.0,0.0,5.89363740821e-28,0.0,0.0,1.0
img_05580.jpg,1.73037564007e-25,0.0,0.0,0.0,1.70321833919e-24,0.0,0.0,1.0
img_05615.jpg,1.0,0.0,0.0,0.0,5.12430957776e-21,0.0,0.0,6.20044182789e-20
img_03312.jpg,1.0,0.0,0.0,0.0,6.76514058373e-19,0.0,0.0,1.26407278742e-11
img_05740.jpg,0.0164014901966,0.0,0.0,0.0,0.933069229126,0.0,0.0,0.0505292080343
img_00223.jpg,0.99948322773,0.0,0.0,0.0,5.23182457357e-08,0.0,0.0,0.000516707776114
img_03074.jpg,1.0,0.0,0.0,0.0,7.91907513651e-16,0.0,0.0,6.53433720401e-16
img_06849.jpg,8.18098851382e-25,0.0,0.0,0.0,7.11318913078e-18,0.0,0.0,1.0
img_05426.jpg,0.999563634396,0.0,0.0,0.0,5.68303679889e-16,0.0,0.0,0.000436376605649
img_07616.jpg,0.995356082916,0.0,0.0,0.0,0.000354456715286,0.0,0.0,0.00428955070674
img_07921.jpg,1.12669793022e-19,0.0,0.0,0.0,8.57192793128e-19,0.0,0.0,1.0
img_00729.jpg,1.0,0.0,0.0,0.0,2.61470123331e-10,0.0,0.0,1.00683350546e-13
img_04990.jpg,5.7868919075e-24,0.0,0.0,0.0,7.71235070471e-24,0.0,0.0,1.0
img_03941.jpg,1.0,0.0,0.0,0.0,1.31591972874e-08,0.0,0.0,5.38497157976e-09
img_00180.jpg,2.96048682458e-07,0.0,0.0,0.0,6.0232501653e-08,0.0,0.0,0.999999642372
img_01657.jpg,1.26394484643e-30,0.0,0.0,0.0,2.08262166069e-37,0.0,0.0,1.0
img_04341.jpg,0.999999880791,0.0,0.0,0.0,1.5863949443e-07,0.0,0.0,1.31482368396e-11
img_06033.jpg,1.1678421333e-25,0.0,0.0,0.0,7.11644574085e-18,0.0,0.0,1.0
img_07460.jpg,0.00139790284447,0.0,0.0,0.0,2.590201575e-06,0.0,0.0,0.998599469662
img_05879.jpg,1.0,0.0,0.0,0.0,2.72123382855e-11,0.0,0.0,6.03626004723e-19
img_00764.jpg,2.51074059321e-08,0.0,0.0,0.0,2.13517970665e-11,0.0,0.0,1.0
img_06831.jpg,2.19960072378e-09,0.0,0.0,0.0,1.29256143566e-08,0.0,0.0,1.0
img_05046.jpg,4.28317719416e-18,0.0,0.0,0.0,1.07610463582e-25,1.40129846432e-45,0.0,1.0
img_05349.jpg,0.948001682758,0.0,0.0,0.0,0.000314867327688,0.0,0.0,0.0516834892333
img_02679.jpg,1.0,0.0,0.0,0.0,6.20571682149e-13,0.0,0.0,6.12996751311e-17
img_06522.jpg,1.45613635782e-21,0.0,0.0,0.0,3.63401587899e-19,0.0,0.0,1.0
img_02865.jpg,1.15785722936e-17,0.0,0.0,0.0,1.0,0.0,0.0,1.83119730228e-28
img_02209.jpg,1.88124882958e-21,0.0,0.0,0.0,9.55220804299e-20,7.60905066128e-43,0.0,1.0
img_03238.jpg,1.56523839477e-26,0.0,0.0,0.0,2.09734027304e-21,0.0,0.0,1.0
img_06238.jpg,1.88050512662e-11,0.0,0.0,0.0,1.0,0.0,0.0,1.09890811728e-10
img_06285.jpg,3.14926680289e-08,0.0,0.0,0.0,1.62958185683e-05,0.0,0.0,0.999983668327
img_06076.jpg,0.00382802519016,0.0,0.0,0.0,0.604380786419,0.0,0.0,0.391791164875
img_03677.jpg,0.999999642372,0.0,0.0,0.0,1.25568583309e-11,0.0,0.0,3.68922314919e-07
img_04250.jpg,0.000205474600079,0.0,0.0,0.0,0.999794542789,0.0,0.0,6.59548912881e-14
img_04719.jpg,9.53721151698e-19,0.0,0.0,0.0,5.197340166e-16,0.0,0.0,1.0
img_00828.jpg,2.47978989497e-20,0.0,0.0,0.0,1.0,0.0,0.0,4.2315987931e-25
img_03670.jpg,0.999999761581,0.0,0.0,0.0,7.88331292606e-12,0.0,0.0,2.05969342915e-07
img_01984.jpg,0.999997615814,0.0,0.0,0.0,6.44153402438e-17,0.0,0.0,2.37909557654e-06
img_03324.jpg,7.4968395207e-13,0.0,0.0,0.0,4.18008344103e-17,0.0,0.0,1.0
img_03992.jpg,0.998687207699,1.82168800362e-44,0.0,0.0,0.00131278752815,0.0,0.0,3.75461091686e-16
img_07103.jpg,0.999998688698,1.40129846432e-45,0.0,0.0,8.09552375358e-07,0.0,4.34402523941e-44,4.90612990234e-07
img_05328.jpg,1.0,0.0,0.0,0.0,1.15250395893e-08,0.0,0.0,7.70990826737e-09
img_01724.jpg,5.99390568823e-06,0.0,0.0,0.0,1.00729138808e-07,2.66246708222e-44,0.0,0.999993920326
img_04479.jpg,4.72420609051e-16,0.0,0.0,0.0,5.91143870372e-16,0.0,0.0,1.0
img_06506.jpg,0.999999761581,0.0,0.0,0.0,2.63120398358e-07,0.0,0.0,1.12786423937e-17
img_03446.jpg,9.10816276813e-23,0.0,0.0,0.0,5.73756817806e-31,0.0,0.0,1.0
img_01134.jpg,0.999998688698,0.0,0.0,0.0,3.60473162431e-09,0.0,0.0,1.32105969897e-06
img_05084.jpg,3.6042672655e-25,0.0,0.0,0.0,3.47737283381e-22,0.0,0.0,1.0
img_04004.jpg,0.000385966093745,0.0,0.0,0.0,1.7955969156e-08,1.72429776035e-41,0.0,0.999614059925
img_06469.jpg,0.25632917881,0.0,0.0,0.0,3.19421052108e-11,4.20389539297e-45,0.0,0.743670761585
img_00780.jpg,1.00333802978e-18,0.0,0.0,0.0,1.54150721638e-18,0.0,0.0,1.0
img_05958.jpg,1.7936874716e-24,0.0,0.0,0.0,1.61679180489e-34,0.0,0.0,1.0
img_05953.jpg,7.63785562574e-12,0.0,0.0,0.0,1.07696762619e-09,0.0,0.0,1.0
img_03924.jpg,2.17363322008e-06,0.0,0.0,0.0,0.999997854233,0.0,0.0,7.79243509996e-12
img_07426.jpg,0.992144346237,0.0,0.0,0.0,0.00680216355249,0.0,0.0,0.00105362350587
img_01888.jpg,9.41705987269e-23,0.0,0.0,0.0,2.03933519184e-22,0.0,0.0,1.0
img_02077.jpg,0.999993562698,0.0,0.0,0.0,9.11952371258e-12,0.0,0.0,6.42934264761e-06
img_02636.jpg,0.999999880791,0.0,0.0,0.0,1.6912744627e-07,0.0,5.66685098973e-41,1.04488098174e-08
img_04696.jpg,0.99995470047,1.3592595104e-43,0.0,0.0,7.64901642469e-07,2.80259692865e-45,6.56746551275e-41,4.45813202532e-05
img_05359.jpg,8.10232787974e-23,0.0,0.0,0.0,1.02357552045e-19,0.0,0.0,1.0
img_01825.jpg,0.998840510845,0.0,0.0,0.0,0.00115947378799,0.0,0.0,5.28268932335e-16
img_01669.jpg,1.0,0.0,0.0,0.0,2.93470446444e-15,0.0,0.0,7.2300651853e-16
img_04204.jpg,0.998419880867,0.0,0.0,0.0,1.68613246195e-12,0.0,0.0,0.00158007745631
img_01059.jpg,1.34668808754e-17,0.0,0.0,0.0,1.22539545686e-20,0.0,0.0,1.0
img_03080.jpg,0.999152064323,0.0,0.0,0.0,1.5093791695e-14,0.0,0.0,0.000847893708851
img_02281.jpg,0.999946951866,0.0,0.0,0.0,5.30026482011e-05,0.0,0.0,2.258121512e-08
img_04532.jpg,1.34890065109e-22,0.0,0.0,0.0,8.84330366584e-23,0.0,0.0,1.0
img_05137.jpg,4.20728948964e-27,0.0,0.0,0.0,1.09285594923e-23,0.0,0.0,1.0
img_06426.jpg,0.00357404048555,0.0,0.0,0.0,1.24893787756e-07,0.0,3.54528511474e-43,0.996425807476
img_07319.jpg,8.98353445811e-21,0.0,0.0,0.0,7.27717675664e-19,0.0,0.0,1.0
img_05790.jpg,0.029253013432,0.0,0.0,0.0,5.02118837176e-07,0.0,0.0,0.970746517181
img_02119.jpg,0.999999761581,0.0,0.0,0.0,1.47639256376e-09,0.0,0.0,1.98288944375e-07
img_03439.jpg,1.0,0.0,0.0,0.0,2.37079724289e-18,0.0,0.0,3.51697426841e-18
img_01647.jpg,0.99985563755,0.0,0.0,0.0,0.000144157529576,0.0,0.0,1.84501018907e-07
img_07187.jpg,0.920704305172,0.0,0.0,0.0,0.0789330229163,0.0,0.0,0.000362636666978
img_02808.jpg,1.0,0.0,0.0,0.0,2.11928437496e-17,0.0,0.0,1.06348133425e-12
img_05568.jpg,0.968925237656,0.0,0.0,0.0,3.67074130736e-06,2.04729705638e-42,0.0,0.0310710500926
img_01213.jpg,1.0,0.0,0.0,0.0,3.34860177781e-13,0.0,0.0,1.04148113744e-11
img_04261.jpg,0.995126962662,0.0,0.0,0.0,3.63349662857e-11,0.0,0.0,0.00487298239022
img_05210.jpg,1.0,0.0,0.0,0.0,4.41134394971e-17,0.0,0.0,6.24506414464e-14
img_02977.jpg,0.998230278492,7.68612207682e-42,0.0,0.0,0.0017697326839,0.0,0.0,7.69009370072e-11
img_05719.jpg,1.19687057453e-30,0.0,0.0,0.0,6.63450375178e-31,0.0,0.0,1.0
img_00109.jpg,1.0,0.0,0.0,0.0,2.64232403319e-11,0.0,0.0,3.36848231871e-15
img_00376.jpg,3.39746417445e-24,0.0,0.0,0.0,8.5120025307e-27,0.0,0.0,1.0
img_06067.jpg,2.51763687616e-15,0.0,0.0,0.0,5.96652911882e-26,0.0,0.0,1.0
img_04559.jpg,1.68539990406e-23,0.0,0.0,0.0,1.73125559961e-23,0.0,0.0,1.0
img_02560.jpg,0.00101094832644,0.0,0.0,0.0,0.99898904562,0.0,0.0,5.29012441974e-18
img_06870.jpg,0.00772725371644,0.0,0.0,0.0,1.59499068104e-05,0.0,0.0,0.992256760597
img_01426.jpg,1.0,0.0,0.0,0.0,5.5990982161e-17,0.0,0.0,1.92309958004e-15
img_06273.jpg,1.0,0.0,0.0,0.0,3.30509291403e-16,0.0,0.0,1.27112296383e-11
img_04603.jpg,0.0411122329533,0.0,0.0,0.0,0.578304588795,0.0,0.0,0.380583167076
img_06037.jpg,0.981211423874,0.0,0.0,0.0,0.0187878441066,0.0,0.0,6.99778979651e-07
img_05016.jpg,3.55876636604e-06,0.0,0.0,0.0,2.90179773543e-08,3.25857944894e-41,0.0,0.999996423721
img_05835.jpg,1.0,0.0,0.0,0.0,2.78135292575e-08,0.0,0.0,3.55441509559e-11
img_04044.jpg,1.0,0.0,0.0,0.0,1.28207083838e-10,0.0,0.0,1.15902801245e-10
img_02400.jpg,1.0,0.0,0.0,0.0,2.7987090423e-10,0.0,0.0,7.86161358235e-09
img_01618.jpg,1.0,0.0,0.0,0.0,1.81267439345e-14,0.0,0.0,2.3547714457e-18
img_02889.jpg,3.89685119444e-05,0.0,0.0,0.0,4.77906492158e-10,0.0,0.0,0.999961018562
img_05015.jpg,0.999838829041,0.0,0.0,0.0,9.10182628369e-17,0.0,0.0,0.000161182062584
img_04511.jpg,1.0,0.0,0.0,0.0,3.29331803798e-13,0.0,0.0,3.88362323298e-17
img_03228.jpg,1.0,0.0,0.0,0.0,1.64252397279e-24,0.0,0.0,8.64740568063e-18
img_05445.jpg,0.99998998642,0.0,0.0,0.0,9.9555700217e-06,0.0,0.0,2.05112566931e-08
img_01548.jpg,0.999999761581,0.0,0.0,0.0,1.60108493304e-12,0.0,0.0,2.51981788324e-07
img_01388.jpg,1.0,0.0,0.0,0.0,5.43653485877e-15,0.0,0.0,1.60148208886e-20
img_04750.jpg,0.011913494207,8.27777831443e-40,0.0,0.0,0.988086462021,0.0,0.0,2.45390491781e-12
img_03886.jpg,0.999999284744,0.0,0.0,0.0,3.74248827484e-08,0.0,0.0,7.08141215e-07
img_00927.jpg,1.45107031924e-18,0.0,0.0,0.0,2.10690052939e-27,0.0,0.0,1.0
img_05623.jpg,0.999996423721,0.0,0.0,0.0,3.57351268576e-06,0.0,0.0,4.32504518311e-11
img_03260.jpg,0.999555408955,0.0,0.0,0.0,8.73415828551e-08,0.0,0.0,0.000444453820819
img_05434.jpg,3.35896183969e-05,0.0,0.0,0.0,0.998302817345,0.0,0.0,0.00166365224868
img_03297.jpg,0.938238859177,0.0,0.0,0.0,7.92910848091e-10,0.0,0.0,0.0617611594498
img_00772.jpg,1.73298970478e-27,0.0,0.0,0.0,8.76143805798e-31,0.0,0.0,1.0
img_00232.jpg,0.985606908798,5.67686130544e-38,0.0,0.0,0.0134118217975,5.82526497852e-39,5.683451764e-22,0.000981281860732
img_06860.jpg,6.30944585467e-09,0.0,0.0,0.0,1.0,0.0,0.0,2.31616115176e-10
img_06845.jpg,1.0,0.0,0.0,0.0,7.71059719945e-21,0.0,0.0,3.31536651999e-19
img_05857.jpg,0.999987125397,0.0,0.0,0.0,1.28740939545e-05,0.0,0.0,1.09817451035e-15
img_03082.jpg,0.110899217427,0.0,0.0,0.0,7.3386480226e-10,0.0,0.0,0.889100790024
img_01495.jpg,0.998977661133,0.0,0.0,0.0,1.48997738592e-08,0.0,0.0,0.00102239311673
img_05657.jpg,0.999123394489,1.05293566609e-41,0.0,0.0,0.000875979021657,0.0,0.0,5.92174899339e-07
img_00697.jpg,3.20948394555e-24,0.0,0.0,0.0,7.77845548904e-29,0.0,0.0,1.0
img_03867.jpg,0.876467585564,0.0,0.0,0.0,0.123532392085,0.0,0.0,6.51590007918e-20
img_01490.jpg,3.10912852429e-22,0.0,0.0,0.0,6.30416728701e-27,0.0,0.0,1.0
img_06137.jpg,5.5696538137e-26,0.0,0.0,0.0,1.10449486819e-30,0.0,0.0,1.0
img_05558.jpg,1.15474609086e-27,0.0,0.0,0.0,1.19883674212e-28,0.0,0.0,1.0
img_00914.jpg,3.00276136762e-24,0.0,0.0,0.0,6.84870267941e-18,0.0,0.0,1.0
img_01325.jpg,0.999893784523,7.05133387248e-42,0.0,0.0,0.000106244428025,0.0,0.0,3.99554347941e-12
img_04037.jpg,7.38788760449e-26,0.0,0.0,0.0,1.96833771806e-29,0.0,0.0,1.0
img_04671.jpg,5.52179106667e-22,0.0,0.0,0.0,2.58037159404e-22,0.0,0.0,1.0
img_04879.jpg,2.1483421081e-33,0.0,0.0,0.0,9.83319894664e-27,0.0,0.0,1.0
img_07278.jpg,1.0,9.80908925027e-45,0.0,0.0,1.19947204946e-10,1.6535321879e-43,7.00649232162e-45,1.81301695878e-10
img_00398.jpg,1.0,0.0,0.0,0.0,7.47629336217e-09,0.0,0.0,6.35251467857e-14
img_04015.jpg,0.999999880791,0.0,0.0,0.0,1.59898348784e-07,0.0,0.0,4.2392870464e-11
img_06371.jpg,0.797686755657,0.0,0.0,0.0,8.15272471755e-09,0.0,2.71540987669e-32,0.202313259244
img_04408.jpg,0.487457960844,0.0,0.0,0.0,4.61457965173e-08,0.0,0.0,0.512541949749
img_06475.jpg,1.67526149544e-28,0.0,0.0,0.0,6.99439968499e-31,0.0,0.0,1.0
img_04949.jpg,1.0,0.0,0.0,0.0,1.06710408453e-16,0.0,0.0,1.04478625661e-14
img_07893.jpg,5.00220869639e-28,0.0,0.0,0.0,6.8441970985e-22,0.0,0.0,1.0
img_00196.jpg,1.4489727777e-12,0.0,0.0,0.0,1.0,0.0,0.0,3.85733939058e-26
img_07183.jpg,5.24384045478e-24,0.0,0.0,0.0,1.16134824512e-23,0.0,0.0,1.0
img_03370.jpg,1.58555243822e-24,0.0,0.0,0.0,4.38658596351e-20,0.0,0.0,1.0
img_07330.jpg,8.75427907014e-18,0.0,0.0,0.0,3.06978228299e-19,0.0,0.0,1.0
img_07149.jpg,1.0,0.0,0.0,0.0,2.26173052509e-10,0.0,0.0,4.22291712709e-09
img_05950.jpg,1.0,0.0,0.0,0.0,2.72287242761e-20,0.0,0.0,1.25882023802e-15
img_03014.jpg,7.68108005416e-17,0.0,0.0,0.0,1.0,0.0,0.0,1.92997998625e-21
img_00858.jpg,7.13285553502e-05,0.0,0.0,0.0,0.174543976784,0.0,0.0,0.825384676456
img_03502.jpg,5.76644266069e-24,0.0,0.0,0.0,1.0535514311e-21,0.0,0.0,1.0
img_03896.jpg,1.0,0.0,0.0,0.0,1.60909404291e-12,0.0,0.0,6.71751803811e-18
img_01930.jpg,0.999999165535,0.0,0.0,0.0,7.89163152604e-07,0.0,0.0,1.16214772181e-11
img_03283.jpg,0.999999284744,0.0,0.0,0.0,6.31813455886e-17,0.0,0.0,7.2761889669e-07
img_00889.jpg,5.60899659018e-17,0.0,0.0,0.0,4.25079118728e-23,0.0,0.0,1.0
img_01441.jpg,1.37037062253e-10,0.0,0.0,0.0,3.62840578498e-19,0.0,0.0,1.0
img_07906.jpg,6.26277053328e-20,0.0,0.0,0.0,1.71991426956e-15,0.0,0.0,1.0
img_02911.jpg,0.999996185303,0.0,0.0,0.0,3.83722817787e-06,0.0,0.0,5.83691894731e-13
img_01328.jpg,1.0,0.0,0.0,0.0,5.39352265806e-17,0.0,0.0,1.63719509061e-08
img_04240.jpg,5.10478609412e-26,0.0,0.0,0.0,5.46237479426e-30,0.0,0.0,1.0
img_04814.jpg,9.7773539116e-27,0.0,0.0,0.0,2.59432814456e-29,0.0,0.0,1.0
img_01179.jpg,0.999981641769,0.0,0.0,0.0,1.75504483195e-05,0.0,0.0,8.31741829188e-07
img_05087.jpg,1.0,0.0,0.0,0.0,2.47896020697e-18,0.0,0.0,8.01459292439e-16
img_00171.jpg,0.999999642372,0.0,0.0,0.0,2.12659988089e-14,0.0,0.0,4.14382498093e-07
img_05068.jpg,0.139213889837,0.0,0.0,0.0,8.48457859959e-13,0.0,0.0,0.860786139965
img_06616.jpg,1.44615182925e-26,0.0,0.0,0.0,2.98248201555e-27,0.0,0.0,1.0
img_05721.jpg,2.0252594475e-19,0.0,0.0,0.0,1.74790160256e-27,0.0,0.0,1.0
img_00518.jpg,0.999999642372,0.0,0.0,0.0,1.2583525888e-10,0.0,0.0,3.55984894895e-07
img_04369.jpg,1.03746970126e-06,0.0,0.0,0.0,8.17183300195e-12,3.18725335711e-40,0.0,0.999998927116
img_00974.jpg,1.0,0.0,0.0,0.0,3.93177110033e-17,0.0,0.0,6.88870401694e-13
img_00040.jpg,4.65295279231e-23,0.0,0.0,0.0,1.20419317415e-23,0.0,0.0,1.0
img_00103.jpg,0.998303890228,0.0,0.0,0.0,2.75969221433e-12,1.40129846432e-45,0.0,0.00169613666367
img_05927.jpg,1.0,0.0,0.0,0.0,2.07307614001e-13,0.0,0.0,7.21798185457e-12
img_01687.jpg,1.7169094177e-18,0.0,0.0,0.0,2.03194607078e-26,0.0,0.0,1.0
img_05038.jpg,6.3322867031e-22,0.0,0.0,0.0,2.75415956492e-20,0.0,0.0,1.0
img_07895.jpg,1.0,0.0,0.0,0.0,2.98462936027e-22,0.0,0.0,1.05189042981e-18
img_07199.jpg,0.999996781349,0.0,0.0,0.0,1.24898770082e-06,0.0,0.0,1.97476197172e-06
img_05276.jpg,1.64241622007e-18,0.0,0.0,0.0,1.0,0.0,0.0,3.78103707689e-22
img_04386.jpg,1.26114151621e-23,0.0,0.0,0.0,8.2754064867e-24,0.0,0.0,1.0
img_06455.jpg,1.0,0.0,0.0,0.0,1.76662850126e-22,0.0,0.0,1.11731143001e-12
img_06571.jpg,0.999425053596,0.0,0.0,0.0,2.33892614478e-12,0.0,0.0,0.000574957113713
img_00383.jpg,0.999985694885,1.40129846432e-45,0.0,0.0,1.1783266018e-05,0.0,4.7644147787e-44,2.54520591625e-06
img_07717.jpg,1.0,0.0,0.0,0.0,1.49813055653e-20,0.0,0.0,1.01978679091e-20
img_02305.jpg,9.8114120703e-23,0.0,0.0,0.0,1.42873823014e-24,3.64337600724e-44,0.0,1.0
img_05520.jpg,2.82199830092e-22,0.0,0.0,0.0,1.26976062662e-19,4.27396031619e-43,0.0,1.0
img_06547.jpg,0.999996185303,0.0,0.0,0.0,6.43374846732e-07,0.0,0.0,3.26843633047e-06
img_06559.jpg,0.999998450279,0.0,0.0,0.0,2.23211870536e-13,0.0,0.0,1.49035258801e-06
img_04629.jpg,1.0,0.0,0.0,0.0,2.3979140451e-08,0.0,0.0,5.15913367582e-10
img_07409.jpg,0.999999403954,0.0,0.0,0.0,2.67059774295e-09,0.0,0.0,5.46222622688e-07
img_06681.jpg,1.0,0.0,0.0,0.0,1.58239638257e-19,0.0,0.0,4.26696789013e-10
img_00642.jpg,0.989473521709,0.0,0.0,0.0,1.30222167685e-12,4.7644147787e-44,0.0,0.0105265332386
img_00950.jpg,1.68747131823e-08,0.0,0.0,0.0,1.0,0.0,0.0,1.25141121424e-11
img_05264.jpg,4.23081735661e-13,0.0,0.0,0.0,6.67705517473e-24,0.0,0.0,1.0
img_05085.jpg,0.855273783207,0.0,0.0,0.0,0.114183947444,4.20389539297e-45,0.0,0.0305422786623
img_06042.jpg,2.33064227639e-11,0.0,0.0,0.0,7.34217454122e-19,7.42688186092e-44,0.0,1.0
img_03847.jpg,1.68587460229e-32,0.0,0.0,0.0,1.17152652588e-27,0.0,0.0,1.0
img_06332.jpg,0.99886405468,0.0,0.0,0.0,4.69050256413e-08,0.0,0.0,0.00113599048927
img_00018.jpg,1.0,0.0,0.0,0.0,8.23659149589e-20,0.0,0.0,5.89654713945e-10
img_02607.jpg,0.000172837855644,0.0,0.0,0.0,1.22666042444e-05,0.0,0.0,0.999814927578
img_06986.jpg,1.0,0.0,0.0,0.0,6.86718122362e-23,0.0,0.0,3.33550841027e-13
img_02648.jpg,2.8040642661e-24,0.0,0.0,0.0,3.77366405154e-27,0.0,0.0,1.0
img_06800.jpg,4.24757729434e-07,0.0,0.0,0.0,0.999998450279,0.0,0.0,1.12020666165e-06
img_05508.jpg,6.64883202717e-07,4.78445334674e-41,0.0,0.0,7.37335170697e-08,2.14398665042e-43,7.25014056977e-38,0.999999284744
img_00484.jpg,1.0,0.0,0.0,0.0,2.87807237098e-16,0.0,0.0,2.33140465484e-13
img_05979.jpg,0.993437588215,0.0,0.0,0.0,0.00656243320554,0.0,0.0,9.01377583684e-10
img_05595.jpg,2.19749218822e-12,0.0,0.0,0.0,3.37351947806e-17,0.0,0.0,1.0
img_02666.jpg,1.0,0.0,0.0,0.0,3.17130111234e-12,0.0,0.0,3.19942058957e-11
img_00620.jpg,0.984905302525,0.0,0.0,0.0,1.42049871865e-09,0.0,0.0,0.015094673261
img_06165.jpg,2.56698678252e-17,0.0,0.0,0.0,1.0048865367e-16,0.0,0.0,1.0
img_01377.jpg,0.00322687788866,0.0,0.0,0.0,0.65304005146,0.0,0.0,0.343733042479
img_00380.jpg,0.999996066093,0.0,0.0,0.0,3.96380937673e-06,0.0,0.0,1.22002885572e-09
img_07314.jpg,1.49011184828e-19,0.0,0.0,0.0,6.6303589952e-22,0.0,0.0,1.0
img_04002.jpg,3.09104571453e-30,0.0,0.0,0.0,1.44181963048e-22,0.0,0.0,1.0
img_00432.jpg,5.82851100717e-07,0.0,0.0,0.0,0.000139328491059,0.0,0.0,0.999860048294
img_02398.jpg,0.999999880791,0.0,0.0,0.0,3.65224614874e-13,0.0,0.0,1.03356740055e-07
img_00170.jpg,1.0,0.0,0.0,0.0,7.34056455079e-15,0.0,0.0,3.51503532397e-15
img_04647.jpg,0.999995350838,2.80259692865e-45,0.0,0.0,4.49509525424e-06,0.0,3.64337600724e-44,6.27510772233e-08
img_03452.jpg,0.999937176704,0.0,0.0,0.0,1.20564408235e-07,0.0,0.0,6.27502740826e-05
img_02964.jpg,1.95615994265e-28,0.0,0.0,0.0,7.78875485081e-30,0.0,0.0,1.0
img_01505.jpg,3.75997966564e-22,0.0,0.0,0.0,1.0,0.0,0.0,1.15543876416e-33
img_00833.jpg,4.87534952059e-27,0.0,0.0,0.0,2.14322371259e-28,0.0,0.0,1.0
img_02638.jpg,0.920160770416,0.0,0.0,0.0,0.00041323696496,0.0,0.0,0.0794260278344
img_00320.jpg,1.0,0.0,0.0,0.0,2.21090795799e-23,0.0,0.0,2.3478150288e-15
img_01963.jpg,1.0,0.0,0.0,0.0,1.96558706811e-11,0.0,0.0,1.44926319834e-08
img_06318.jpg,4.68031983958e-28,0.0,0.0,0.0,4.18537317724e-28,0.0,0.0,1.0
img_07137.jpg,0.000153078784933,0.0,0.0,0.0,0.999846935272,0.0,0.0,1.09994546566e-14
img_07689.jpg,0.999810993671,0.0,0.0,0.0,4.16320840649e-12,0.0,0.0,0.000189002239495
img_04419.jpg,9.00958452808e-13,0.0,0.0,0.0,1.0,0.0,0.0,8.26441129073e-13
img_06564.jpg,1.0,0.0,0.0,0.0,4.09049911894e-18,0.0,0.0,1.51515453829e-12
img_07231.jpg,0.760471403599,0.0,0.0,0.0,2.18965134913e-09,0.0,0.0,0.239528566599
img_02899.jpg,0.999998927116,0.0,0.0,0.0,1.02388185041e-06,0.0,0.0,4.70972327977e-13
img_03426.jpg,1.11065510566e-07,0.0,0.0,0.0,0.999999880791,0.0,0.0,1.51010741455e-13
img_03581.jpg,1.0,0.0,0.0,0.0,4.31558753676e-17,0.0,0.0,2.46660674097e-15
img_02406.jpg,0.999943971634,0.0,0.0,0.0,6.71522570883e-09,0.0,0.0,5.59980180697e-05
img_04640.jpg,1.60244756373e-20,0.0,0.0,0.0,4.59385698784e-21,1.40129846432e-45,0.0,1.0
img_07065.jpg,6.802524543e-22,0.0,0.0,0.0,3.2319568178e-23,1.77964904969e-42,0.0,1.0
img_06059.jpg,2.28939927454e-14,0.0,0.0,0.0,1.0,0.0,0.0,1.656781266e-12
img_01966.jpg,1.0,0.0,0.0,0.0,7.50452980059e-15,0.0,0.0,6.50098421276e-12
img_04001.jpg,1.0,0.0,0.0,0.0,3.22433696225e-14,0.0,0.0,1.70080376449e-08
img_03749.jpg,1.44154003293e-21,0.0,0.0,0.0,5.71326073501e-23,0.0,0.0,1.0
img_07428.jpg,1.0,0.0,0.0,0.0,3.8007749007e-15,0.0,0.0,1.63060374665e-12
img_04975.jpg,1.02027704082e-20,0.0,0.0,0.0,3.60042112486e-24,0.0,0.0,1.0
img_03869.jpg,1.0,0.0,0.0,0.0,1.26478862938e-08,0.0,0.0,4.04044131486e-09
img_05768.jpg,6.5632354637e-25,0.0,0.0,0.0,1.08367979592e-26,0.0,0.0,1.0
img_03995.jpg,7.44306679092e-36,0.0,0.0,0.0,2.9949206341e-27,0.0,0.0,1.0
img_02540.jpg,0.0286497492343,0.0,0.0,0.0,0.738754272461,0.0,0.0,0.232595950365
img_06259.jpg,1.26106708763e-19,0.0,0.0,0.0,6.75479000164e-22,0.0,0.0,1.0
img_03584.jpg,2.60640727769e-24,0.0,0.0,0.0,1.51625305996e-27,0.0,0.0,1.0
img_07594.jpg,1.91228987259e-20,0.0,0.0,0.0,7.28170507775e-26,0.0,0.0,1.0
img_01860.jpg,1.76135154486e-16,0.0,0.0,0.0,2.33271395088e-19,0.0,0.0,1.0
img_07122.jpg,1.0,0.0,0.0,0.0,2.22841171649e-14,0.0,0.0,2.74307825277e-19
img_04705.jpg,6.53704626772e-26,0.0,0.0,0.0,3.97281484274e-22,0.0,0.0,1.0
img_05940.jpg,0.999994397163,0.0,0.0,0.0,1.00986630969e-06,0.0,0.0,4.65385483039e-06
img_07543.jpg,0.000106362414954,0.0,0.0,0.0,0.999893665314,0.0,0.0,3.36137844156e-19
img_00959.jpg,0.999998688698,0.0,0.0,0.0,1.06539562239e-06,0.0,0.0,2.08012593816e-07
img_00726.jpg,1.0,0.0,0.0,0.0,2.91654822851e-14,0.0,0.0,6.78899067158e-15
img_02789.jpg,0.489538192749,0.0,0.0,0.0,0.510458707809,1.40129846432e-45,0.0,3.11231519845e-06
img_06732.jpg,1.0,0.0,0.0,0.0,1.46728305504e-13,0.0,0.0,4.30515486542e-13
img_03674.jpg,1.09658158109e-08,0.0,0.0,0.0,7.11071243131e-06,0.0,0.0,0.999992847443
img_03261.jpg,0.999950051308,0.0,0.0,0.0,9.89610634861e-06,0.0,0.0,4.00106036977e-05
img_06690.jpg,8.86174881848e-14,0.0,0.0,0.0,2.98033637924e-17,0.0,0.0,1.0
img_05724.jpg,1.0,0.0,0.0,0.0,2.50478500788e-12,0.0,0.0,2.51770104764e-10
img_04323.jpg,0.820723295212,0.0,0.0,0.0,0.179276719689,0.0,0.0,3.08963343798e-09
img_05030.jpg,2.36158575515e-22,0.0,0.0,0.0,2.88439140828e-24,0.0,0.0,1.0
img_02372.jpg,1.64380171697e-08,0.0,0.0,0.0,0.999991297722,0.0,0.0,8.68285133038e-06
img_05882.jpg,2.65927089805e-19,0.0,0.0,0.0,2.43382542772e-17,0.0,0.0,1.0
img_00590.jpg,2.93613826975e-22,0.0,0.0,0.0,3.00343490245e-33,0.0,0.0,1.0
img_05440.jpg,0.999851822853,0.0,0.0,0.0,0.000148191029439,0.0,0.0,6.8961898414e-09
img_03931.jpg,0.999981164932,0.0,0.0,0.0,1.88289432117e-05,0.0,0.0,8.46299281197e-14
img_06324.jpg,5.38233851443e-18,0.0,0.0,0.0,3.57501353826e-20,0.0,0.0,1.0
img_04856.jpg,1.0,0.0,0.0,0.0,8.52308154609e-12,0.0,0.0,1.97924543421e-09
img_04268.jpg,1.30634980719e-26,0.0,0.0,0.0,7.14655393715e-35,0.0,0.0,1.0
img_05915.jpg,1.25256950118e-22,0.0,0.0,0.0,5.22409944728e-22,0.0,0.0,1.0
img_04476.jpg,1.12445495608e-22,0.0,0.0,0.0,5.58158340896e-27,0.0,0.0,1.0
img_04657.jpg,0.993116080761,0.0,0.0,0.0,1.86407069123e-05,0.0,0.0,0.00686534354463
img_02733.jpg,1.0,0.0,0.0,0.0,6.18114890868e-12,0.0,0.0,5.5339235798e-12
img_05525.jpg,0.0191506724805,0.0,0.0,0.0,1.72908271034e-10,0.0,0.0,0.980849325657
img_07143.jpg,1.43366160046e-05,0.0,0.0,0.0,0.999985694885,0.0,0.0,5.17300959013e-11
img_06541.jpg,1.0,0.0,0.0,0.0,2.82894985988e-15,0.0,0.0,4.01654487447e-09
img_02522.jpg,1.0,0.0,0.0,0.0,8.87804414949e-17,0.0,0.0,1.16674642241e-18
img_05775.jpg,1.0,0.0,0.0,0.0,4.57698545731e-10,0.0,0.0,2.45842179947e-10
img_01058.jpg,8.24197923066e-05,1.63628220381e-40,0.0,0.0,4.60671190083e-09,4.12332073128e-41,2.92116283201e-36,0.999917626381
img_05682.jpg,1.40159857904e-20,0.0,0.0,0.0,8.58296047668e-25,0.0,0.0,1.0
img_07179.jpg,2.44797357209e-21,0.0,0.0,0.0,1.0,0.0,0.0,1.09636159824e-19
img_07505.jpg,0.984585464001,0.0,0.0,0.0,0.0154118863866,0.0,0.0,2.69328188551e-06
img_07304.jpg,0.279366701841,0.0,0.0,0.0,2.39118289613e-08,0.0,0.0,0.720633268356
img_04247.jpg,0.998799085617,0.0,0.0,0.0,4.53887505358e-09,0.0,0.0,0.00120089331176
img_00664.jpg,1.0,0.0,0.0,0.0,1.62714843698e-20,0.0,0.0,1.06769281068e-19
img_00446.jpg,0.999999880791,0.0,0.0,0.0,1.16922564075e-07,0.0,0.0,1.56903448567e-11
img_06614.jpg,1.0,0.0,0.0,0.0,1.47826726988e-12,0.0,0.0,3.69012376211e-08
img_07678.jpg,1.0,0.0,0.0,0.0,3.2980196807e-13,0.0,0.0,4.45957923367e-11
img_05516.jpg,2.34438302105e-11,0.0,0.0,0.0,3.18853609604e-21,2.52233723578e-44,0.0,1.0
img_01022.jpg,0.99999499321,0.0,0.0,0.0,1.28978550062e-10,0.0,0.0,5.02266084368e-06
img_00551.jpg,0.999959468842,0.0,0.0,0.0,4.05656319344e-05,0.0,0.0,1.71198273335e-08
img_05454.jpg,0.77235865593,0.0,0.0,0.0,0.00306416302919,0.0,0.0,0.224577173591
img_03891.jpg,0.999951720238,0.0,0.0,0.0,9.53745329241e-13,0.0,0.0,4.82422037749e-05
img_06489.jpg,7.7541835708e-07,0.0,0.0,0.0,0.999999165535,0.0,0.0,7.52313688224e-27
img_01824.jpg,3.9159168963e-11,0.0,0.0,0.0,8.60946363385e-16,2.66246708222e-44,0.0,1.0
img_07054.jpg,0.972518265247,0.0,0.0,0.0,1.18242553526e-08,0.0,0.0,0.0274817105383
img_00282.jpg,1.0,0.0,0.0,0.0,1.71467346496e-15,0.0,0.0,2.46267495285e-09
img_03445.jpg,0.999991059303,0.0,0.0,0.0,7.90030662756e-06,0.0,0.0,1.02056515061e-06
img_02687.jpg,0.999553978443,0.0,0.0,0.0,3.62618902727e-06,0.0,0.0,0.000442409742391
img_03945.jpg,1.78097213664e-16,0.0,0.0,0.0,2.68811712619e-17,8.40779078595e-44,0.0,1.0
img_00311.jpg,1.0,5.6051938573e-45,0.0,0.0,3.80299472469e-11,0.0,0.0,1.19272777419e-11
img_01874.jpg,1.90314468322e-25,0.0,0.0,0.0,8.21579048842e-19,0.0,0.0,1.0
img_04563.jpg,1.53049733903e-18,0.0,0.0,0.0,4.36510695229e-18,4.67473167699e-42,0.0,1.0
img_01646.jpg,1.0,0.0,0.0,0.0,4.91428165522e-12,0.0,0.0,6.55622570123e-11
img_06955.jpg,0.00146455934737,0.0,0.0,0.0,7.56346423714e-07,0.0,0.0,0.998534679413
img_04375.jpg,1.0627597123e-19,0.0,0.0,0.0,1.0,0.0,0.0,7.90973189724e-12
img_03355.jpg,4.12555754642e-24,0.0,0.0,0.0,2.07994178573e-26,0.0,0.0,1.0
img_07084.jpg,6.94598274825e-23,0.0,0.0,0.0,1.81439934788e-19,0.0,0.0,1.0
img_02739.jpg,1.0,5.6051938573e-45,0.0,0.0,5.13437816568e-13,0.0,0.0,8.67427570744e-12
img_01031.jpg,1.0,0.0,0.0,0.0,1.46265249912e-10,0.0,0.0,4.30291011155e-11
img_00469.jpg,0.999999165535,0.0,0.0,0.0,4.35068130855e-07,0.0,0.0,3.22617893289e-07
img_02943.jpg,0.999997854233,0.0,0.0,0.0,1.51179190694e-11,0.0,0.0,2.11484189094e-06
img_04061.jpg,3.35767427691e-26,0.0,0.0,0.0,5.63613348877e-23,0.0,0.0,1.0
img_00724.jpg,0.99846124649,0.0,0.0,0.0,1.43468461937e-13,0.0,0.0,0.00153881823644
img_06294.jpg,1.0,0.0,0.0,0.0,8.7542438576e-11,0.0,0.0,7.0500515148e-12
img_02956.jpg,0.0113566126674,1.40129846432e-45,0.0,0.0,7.84332288787e-13,5.6051938573e-45,1.82168800362e-44,0.988643467426
img_04675.jpg,1.68128044039e-12,0.0,0.0,0.0,7.23237735883e-25,0.0,0.0,1.0
img_01404.jpg,1.0,0.0,0.0,0.0,1.42489628985e-08,0.0,0.0,1.98158416759e-12
img_05186.jpg,3.88916669181e-06,4.34402523941e-44,0.0,0.0,7.76833632143e-12,7.84727140022e-44,7.88016828297e-39,0.999996066093
img_01847.jpg,2.77894555437e-23,0.0,0.0,0.0,1.81905235567e-16,1.12103877146e-44,0.0,1.0
img_02837.jpg,1.0,0.0,0.0,0.0,3.77210571535e-14,0.0,0.0,1.2868983479e-16
img_05479.jpg,1.0,0.0,0.0,0.0,2.31397637596e-13,0.0,0.0,1.15595074348e-17
img_01538.jpg,1.0,0.0,0.0,0.0,7.62054896217e-17,0.0,0.0,5.24208150507e-16
img_04129.jpg,0.999745666981,0.0,0.0,0.0,1.02627714676e-14,0.0,0.0,0.000254271028098
img_05222.jpg,0.622303366661,0.0,0.0,0.0,0.377696692944,0.0,0.0,2.62351456115e-08
img_04811.jpg,5.4128594229e-07,0.0,0.0,0.0,3.27413207657e-09,0.0,0.0,0.999999403954
img_00865.jpg,1.0,0.0,0.0,0.0,8.52118977111e-21,0.0,0.0,1.40601086004e-13
img_01102.jpg,1.0,0.0,0.0,0.0,1.07589311809e-14,0.0,0.0,2.04963812849e-14
img_05253.jpg,3.62030749033e-17,0.0,0.0,0.0,2.88886518047e-22,0.0,0.0,1.0
img_06101.jpg,7.67184737435e-19,0.0,0.0,0.0,6.17330842078e-25,0.0,0.0,1.0
img_02771.jpg,1.0,0.0,0.0,0.0,3.23614068361e-22,0.0,0.0,2.99639391431e-20
img_05828.jpg,0.999474585056,0.0,0.0,0.0,0.000525425071828,0.0,0.0,6.30045043915e-11
img_07079.jpg,1.02931994525e-11,0.0,0.0,0.0,1.0,0.0,0.0,1.67981882744e-12
img_06144.jpg,2.88567978564e-16,0.0,0.0,0.0,4.06248118811e-16,0.0,0.0,1.0
img_00161.jpg,1.08728446131e-22,0.0,0.0,0.0,9.82316578224e-24,0.0,0.0,1.0
img_07023.jpg,0.995050370693,0.0,0.0,0.0,0.000516244210303,0.0,0.0,0.00443337857723
img_04390.jpg,4.76033204571e-16,0.0,0.0,0.0,1.69590331361e-11,0.0,0.0,1.0
img_01995.jpg,1.85022197724e-25,0.0,0.0,0.0,5.38759901488e-25,0.0,0.0,1.0
img_00483.jpg,0.999686598778,0.0,0.0,0.0,0.00030553873512,0.0,0.0,7.8686116467e-06
img_01781.jpg,1.0,0.0,0.0,0.0,3.46643928839e-11,0.0,0.0,8.61339697693e-18
img_06346.jpg,1.25513529791e-19,0.0,0.0,0.0,6.55614564716e-20,1.40129846432e-44,0.0,1.0
img_02646.jpg,1.06747374828e-10,0.0,0.0,0.0,3.57924922257e-17,0.0,0.0,1.0
img_07192.jpg,1.0,0.0,0.0,0.0,8.4117557364e-09,0.0,0.0,6.13439381372e-23
img_07659.jpg,1.34749086199e-23,0.0,0.0,0.0,3.44998725767e-27,0.0,0.0,1.0
img_06555.jpg,0.783173680305,0.0,0.0,0.0,1.70353232534e-05,0.0,0.0,0.216809347272
img_06832.jpg,1.0,0.0,0.0,0.0,2.52454537443e-20,0.0,0.0,2.19906775081e-13
img_05612.jpg,1.0,0.0,0.0,0.0,1.23744684391e-16,0.0,0.0,1.02368851243e-12
img_05922.jpg,1.0,0.0,0.0,0.0,2.0391723588e-14,0.0,0.0,2.93686719366e-14
img_02307.jpg,1.57570722793e-15,0.0,0.0,0.0,2.23392144388e-19,2.80259692865e-44,0.0,1.0
img_06210.jpg,1.17885205558e-19,0.0,0.0,0.0,2.09565384241e-20,0.0,0.0,1.0
img_07448.jpg,0.000318296340993,0.0,0.0,0.0,1.3896043356e-06,0.0,0.0,0.999680280685
img_04712.jpg,3.26223219987e-14,0.0,0.0,0.0,3.28249221153e-14,0.0,0.0,1.0
img_01208.jpg,2.42125793193e-06,0.0,0.0,0.0,0.999997615814,0.0,0.0,1.90740548356e-11
img_01168.jpg,9.8730737854e-28,0.0,0.0,0.0,2.09089933734e-23,0.0,0.0,1.0
img_03078.jpg,0.999511957169,0.0,0.0,0.0,1.60274277674e-18,0.0,0.0,0.000488007819513
img_07621.jpg,1.42698898038e-25,0.0,0.0,0.0,1.34314542485e-21,0.0,0.0,1.0
img_00718.jpg,0.999996900558,0.0,0.0,0.0,1.78246636201e-11,0.0,0.0,3.08886978928e-06
img_07420.jpg,1.0,0.0,0.0,0.0,4.94329999157e-09,0.0,0.0,3.30384219982e-10
img_02838.jpg,0.999993443489,0.0,0.0,0.0,4.57626629213e-06,0.0,0.0,2.05510559681e-06
img_04921.jpg,1.02268942013e-12,0.0,0.0,0.0,4.3376850878e-18,0.0,0.0,1.0
img_04752.jpg,0.997396349907,0.0,0.0,0.0,1.9636372528e-09,0.0,0.0,0.00260370783508
img_01249.jpg,0.00288969650865,0.0,0.0,0.0,0.800243079662,0.0,0.0,0.196867272258
img_07146.jpg,0.999999761581,0.0,0.0,0.0,2.57137998005e-07,0.0,0.0,2.75578226905e-09
img_07792.jpg,9.11160283277e-23,0.0,0.0,0.0,1.9593428462e-19,5.6051938573e-45,0.0,1.0
img_00407.jpg,1.0,0.0,0.0,0.0,1.33688624544e-17,0.0,0.0,2.89319332381e-11
img_05292.jpg,1.45600862546e-21,0.0,0.0,0.0,3.27640794652e-24,0.0,0.0,1.0
img_00964.jpg,8.6354479577e-16,0.0,0.0,0.0,4.87905973372e-24,0.0,0.0,1.0
img_02180.jpg,1.39083823569e-07,0.0,0.0,0.0,2.27747029569e-10,1.64766074734e-40,0.0,0.999999880791
img_00855.jpg,1.0,0.0,0.0,0.0,6.41944206126e-11,0.0,0.0,6.28237628586e-10
img_01384.jpg,0.00905643869191,0.0,0.0,0.0,0.0166190061718,0.0,0.0,0.974324524403
img_02842.jpg,6.64281311368e-15,0.0,0.0,0.0,1.31755763187e-15,3.37432670209e-42,0.0,1.0
img_03715.jpg,1.0,0.0,0.0,0.0,1.20193690612e-13,0.0,0.0,1.61223753549e-15
img_00125.jpg,1.0,0.0,0.0,0.0,1.72252767605e-11,0.0,0.0,2.33076780098e-10
img_06477.jpg,7.37311367516e-09,0.0,0.0,0.0,1.29686355818e-15,2.80259692865e-45,0.0,1.0
img_07173.jpg,0.998744368553,0.0,0.0,0.0,9.11819664912e-12,0.0,0.0,0.00125556031708
img_01431.jpg,1.0,0.0,0.0,0.0,4.22678038064e-15,0.0,0.0,8.0494871084e-17
img_03554.jpg,0.999825775623,4.48415508584e-44,0.0,0.0,0.00010523005767,1.40129846432e-45,2.17103171078e-41,6.89656299073e-05
img_07354.jpg,1.0,0.0,0.0,0.0,1.30059376602e-08,0.0,0.0,3.66315105419e-13
img_04461.jpg,0.0100014647469,0.0,0.0,0.0,0.000144688907312,0.0,0.0,0.989853799343
img_05095.jpg,1.0,0.0,0.0,0.0,3.15085234197e-18,0.0,0.0,1.3859424719e-10
img_00374.jpg,0.00030066104955,0.0,0.0,0.0,7.26609690808e-16,0.0,0.0,0.999699354172
img_07094.jpg,0.00956792756915,0.0,0.0,0.0,0.0214400216937,0.0,0.0,0.968992054462
img_07224.jpg,1.13185243445e-15,0.0,0.0,0.0,1.0,0.0,0.0,2.46902006802e-20
img_00331.jpg,1.85523712096e-28,0.0,0.0,0.0,3.6724231673e-19,0.0,0.0,1.0
img_04306.jpg,1.0,0.0,0.0,0.0,4.4908553626e-18,0.0,0.0,2.51115561721e-13
img_04723.jpg,7.72250728887e-24,0.0,0.0,0.0,1.71084475892e-30,0.0,0.0,1.0
img_04126.jpg,0.669007837772,6.51884045604e-42,0.0,0.0,0.330973237753,0.0,0.0,1.90195351024e-05
img_03760.jpg,3.11070058145e-18,0.0,0.0,0.0,1.83860015556e-16,0.0,0.0,1.0
img_00358.jpg,4.16463668953e-28,0.0,0.0,0.0,2.99140523417e-26,0.0,0.0,1.0
img_00575.jpg,3.61489908905e-24,0.0,0.0,0.0,2.38565697176e-26,0.0,0.0,1.0
img_01745.jpg,0.999994039536,0.0,0.0,0.0,9.49459106891e-08,2.44386452178e-42,0.0,5.81106723985e-06
img_02379.jpg,8.70553685672e-06,0.0,0.0,0.0,7.54400828573e-17,0.0,0.0,0.999991297722
img_04482.jpg,1.0,0.0,0.0,0.0,1.01140721232e-12,0.0,0.0,1.53679131053e-12
img_02479.jpg,1.07986370594e-24,0.0,0.0,0.0,1.0,0.0,0.0,2.04434302908e-15
img_04237.jpg,0.162059500813,0.0,0.0,0.0,0.837217509747,0.0,0.0,0.000722987577319
img_07157.jpg,0.247107371688,0.0,0.0,0.0,1.49902984958e-06,0.0,0.0,0.752891123295
img_06673.jpg,1.0,0.0,0.0,0.0,5.38603832787e-17,0.0,0.0,6.62812360552e-10
img_03504.jpg,1.0,0.0,0.0,0.0,2.5466087572e-12,0.0,0.0,5.41437842488e-19
img_01918.jpg,1.0,0.0,0.0,0.0,1.07319484699e-16,0.0,0.0,1.47861774907e-11
img_05539.jpg,0.999982237816,0.0,0.0,0.0,3.42962680824e-12,0.0,0.0,1.77156598511e-05
img_02834.jpg,7.53738525606e-21,0.0,0.0,0.0,6.37046915125e-15,2.80259692865e-45,0.0,1.0
img_05864.jpg,0.999933242798,0.0,0.0,0.0,2.03985251801e-07,0.0,0.0,6.64815815981e-05
img_00141.jpg,1.51923547804e-26,0.0,0.0,0.0,4.35746734373e-27,0.0,0.0,1.0
img_05548.jpg,1.0,0.0,0.0,0.0,1.62545653597e-18,0.0,0.0,1.47223518099e-11
img_05059.jpg,5.2322116062e-06,0.0,0.0,0.0,0.999994754791,0.0,0.0,3.1186782757e-12
img_05471.jpg,4.0667844261e-27,0.0,0.0,0.0,9.95303437535e-24,0.0,0.0,1.0
img_01035.jpg,1.0,0.0,0.0,0.0,8.64838474272e-13,0.0,0.0,1.40652396396e-08
img_05475.jpg,3.60176402592e-11,0.0,0.0,0.0,1.0,0.0,0.0,3.57250622314e-12
img_06756.jpg,0.999999761581,0.0,0.0,0.0,1.45267321727e-07,0.0,0.0,1.09982380536e-07
img_03805.jpg,1.0,0.0,0.0,0.0,7.55049827864e-16,0.0,0.0,5.93764828971e-11
img_07051.jpg,1.0,0.0,0.0,0.0,1.15175051679e-19,0.0,0.0,4.20807431869e-13
img_01413.jpg,1.0,0.0,0.0,0.0,6.63434021261e-12,0.0,0.0,2.11159340013e-10
img_03866.jpg,1.0,0.0,0.0,0.0,1.50324606096e-08,0.0,0.0,5.35756335129e-14
img_05672.jpg,4.39362871884e-16,0.0,0.0,0.0,1.40556964905e-15,7.00649232162e-45,0.0,1.0
img_05718.jpg,3.91824502486e-20,0.0,0.0,0.0,2.88265354771e-24,1.12103877146e-44,0.0,1.0
img_03454.jpg,1.0,0.0,0.0,0.0,1.50278740563e-08,0.0,0.0,1.08459621221e-14
img_07528.jpg,0.999966859818,0.0,0.0,0.0,3.27696834574e-05,0.0,0.0,3.57968133358e-07
img_07237.jpg,1.0,0.0,0.0,0.0,4.83723846569e-14,0.0,0.0,5.52173216005e-13
img_00650.jpg,2.71154388005e-12,0.0,0.0,0.0,4.39310090042e-12,0.0,0.0,1.0
img_00538.jpg,1.0,0.0,0.0,0.0,3.55347111736e-08,0.0,0.0,1.47904716252e-10
img_01649.jpg,0.999935626984,0.0,0.0,0.0,6.43174571451e-05,0.0,0.0,1.24460039714e-13
img_04422.jpg,0.999933123589,0.0,0.0,0.0,2.59525165802e-08,0.0,0.0,6.683349784e-05
img_07062.jpg,7.05904044031e-19,0.0,0.0,0.0,0.999999761581,0.0,0.0,1.89374702586e-07
img_05916.jpg,1.0,0.0,0.0,0.0,5.28005240391e-16,0.0,0.0,2.73207607648e-08
img_05967.jpg,0.999999403954,0.0,0.0,0.0,2.11047169324e-11,0.0,0.0,6.53448751109e-07
img_00921.jpg,2.12730271418e-25,0.0,0.0,0.0,2.56568430561e-25,0.0,0.0,1.0
img_06147.jpg,0.999991178513,0.0,0.0,0.0,8.77113689057e-06,0.0,2.07963902494e-40,4.47058319183e-12
img_03422.jpg,1.0,0.0,0.0,0.0,3.7801396958e-16,0.0,0.0,2.74973444014e-09
img_07799.jpg,3.88006821117e-10,0.0,0.0,0.0,1.29495372758e-10,0.0,0.0,1.0
img_05584.jpg,1.0,0.0,0.0,0.0,2.68160129518e-11,0.0,0.0,3.26775975168e-08
img_05692.jpg,1.14646749668e-13,0.0,0.0,0.0,3.46335708026e-20,0.0,0.0,1.0
img_07005.jpg,1.0,0.0,0.0,0.0,2.59796795622e-14,0.0,0.0,1.78791215773e-12
img_06859.jpg,0.0289978664368,0.0,0.0,0.0,0.65520721674,0.0,0.0,0.315794974566
img_06424.jpg,1.0,0.0,0.0,0.0,1.92059715354e-10,0.0,0.0,4.1275305656e-14
img_03627.jpg,1.0,0.0,0.0,0.0,3.45808792361e-21,0.0,0.0,2.24899675885e-18
img_00473.jpg,0.993001759052,0.0,0.0,0.0,1.55467600599e-11,0.0,0.0,0.00699818274006
img_07270.jpg,0.191614061594,0.0,0.0,0.0,0.808385789394,0.0,0.0,2.35801920212e-07
img_06103.jpg,1.0,0.0,0.0,0.0,1.59353870084e-16,0.0,0.0,2.78788533202e-16
img_02076.jpg,0.048237554729,2.28411649685e-43,0.0,0.0,0.951762497425,0.0,0.0,4.5803200642e-12
img_04478.jpg,1.0,0.0,0.0,0.0,3.00381386431e-10,0.0,0.0,9.86725257057e-10
img_06272.jpg,4.49044961215e-08,0.0,0.0,0.0,1.0,0.0,0.0,2.2723327465e-14
img_05805.jpg,0.999974131584,0.0,0.0,0.0,2.76977204193e-12,0.0,0.0,2.59146399912e-05
img_01399.jpg,5.16901642804e-20,0.0,0.0,0.0,4.93092398558e-25,0.0,0.0,1.0
img_01090.jpg,0.0464798435569,4.20389539297e-45,0.0,0.0,0.953519403934,0.0,0.0,8.14137365523e-07
img_02574.jpg,0.997456490993,0.0,0.0,0.0,2.53909995251e-08,0.0,0.0,0.00254350760952
img_01561.jpg,4.62807552723e-18,0.0,0.0,0.0,1.0,0.0,0.0,6.91357524208e-15
img_04036.jpg,6.15445070084e-25,0.0,0.0,0.0,2.89483818231e-26,0.0,0.0,1.0
img_05192.jpg,2.70363749166e-08,0.0,0.0,0.0,2.68759434804e-17,1.54142831076e-44,0.0,1.0
img_00584.jpg,1.0,0.0,0.0,0.0,6.51385742966e-15,0.0,0.0,9.92009253622e-17
img_00716.jpg,4.728322305e-21,0.0,0.0,0.0,1.19193539981e-24,0.0,0.0,1.0
img_04128.jpg,0.999995708466,0.0,0.0,0.0,7.60175755676e-10,0.0,0.0,4.27875966125e-06
img_06808.jpg,0.236610621214,0.0,0.0,0.0,1.15585568894e-10,0.0,0.0,0.763389348984
img_00876.jpg,2.42162864958e-17,0.0,0.0,0.0,1.0,0.0,0.0,5.45799923004e-23
img_03711.jpg,1.0,0.0,0.0,0.0,1.28335701441e-11,0.0,0.0,1.28380406306e-09
img_04830.jpg,1.0,0.0,0.0,0.0,3.16353526708e-10,0.0,0.0,7.72005848138e-10
img_01976.jpg,2.11940505324e-06,2.24207754292e-44,0.0,0.0,8.54246007265e-09,2.80259692865e-45,2.63938769651e-40,0.999997854233
img_03801.jpg,0.924813807011,0.0,0.0,0.0,0.0751862153411,4.52619403977e-43,0.0,5.05273279542e-14
img_02074.jpg,1.0,0.0,0.0,0.0,1.06819663791e-14,0.0,0.0,7.40843289493e-11
img_00053.jpg,1.0,0.0,0.0,0.0,5.2047960386e-10,0.0,0.0,1.11731734975e-09
img_05439.jpg,0.999989628792,0.0,0.0,0.0,6.04573187957e-06,0.0,0.0,4.2736442083e-06
img_00550.jpg,9.56753792707e-05,0.0,0.0,0.0,0.00171706231777,0.0,0.0,0.998187243938
img_06608.jpg,1.0,0.0,0.0,0.0,2.73659621439e-13,0.0,0.0,1.28363208951e-10
img_05743.jpg,0.99999833107,0.0,0.0,0.0,8.71233049134e-16,0.0,0.0,1.70183454884e-06
img_00667.jpg,8.42340093145e-19,0.0,0.0,0.0,1.0,0.0,0.0,3.99443813765e-30
img_06798.jpg,1.0,0.0,0.0,0.0,3.71299941748e-15,0.0,0.0,1.37870034942e-13
img_07160.jpg,0.996253967285,0.0,0.0,0.0,0.00374595960602,0.0,0.0,7.24921289446e-15
img_04271.jpg,3.5135675619e-11,0.0,0.0,0.0,1.0,0.0,0.0,1.89692532229e-18
img_02890.jpg,1.0,0.0,0.0,0.0,8.86379745237e-17,0.0,0.0,1.08659503617e-09
img_03809.jpg,0.999998569489,0.0,0.0,0.0,1.47461435063e-06,0.0,0.0,2.46491632661e-10
img_03169.jpg,1.14644610318e-27,0.0,0.0,0.0,5.30445763715e-32,0.0,0.0,1.0
img_02416.jpg,3.10953396365e-06,0.0,0.0,0.0,4.31910393672e-06,0.0,0.0,0.999992609024
img_05241.jpg,1.0,0.0,0.0,0.0,2.61697097098e-14,0.0,0.0,3.06225551583e-08
img_05026.jpg,6.07062239675e-26,0.0,0.0,0.0,1.44256229569e-22,0.0,0.0,1.0
img_06783.jpg,9.38073472127e-24,0.0,0.0,0.0,1.32926405824e-31,0.0,0.0,1.0
img_05766.jpg,0.731491863728,0.0,0.0,0.0,1.04583985178e-17,0.0,0.0,0.26850810647
img_04127.jpg,1.05270717322e-22,0.0,0.0,0.0,9.29086940025e-27,0.0,0.0,1.0
img_04562.jpg,3.06493499652e-21,0.0,0.0,0.0,1.71216375762e-30,0.0,0.0,1.0
img_06939.jpg,5.82012643443e-15,0.0,0.0,0.0,3.11191368449e-24,1.40129846432e-45,0.0,1.0
img_06684.jpg,1.0,0.0,0.0,0.0,1.0642281327e-12,0.0,0.0,2.49532903021e-12
img_06936.jpg,0.999997138977,2.80259692865e-45,0.0,0.0,1.05365882064e-06,0.0,4.54020702441e-43,1.74511365003e-06
img_06611.jpg,2.23327947456e-29,0.0,0.0,0.0,5.38310660225e-30,0.0,0.0,1.0
img_03946.jpg,9.38612801207e-19,0.0,0.0,0.0,4.7735972765e-20,6.99107803852e-42,0.0,1.0
img_00587.jpg,3.1521410547e-24,0.0,0.0,0.0,3.3523167971e-23,0.0,0.0,1.0
img_04624.jpg,1.76067534035e-21,0.0,0.0,0.0,4.37599171857e-19,0.0,0.0,1.0
img_05055.jpg,1.0,0.0,0.0,0.0,1.20487788635e-08,0.0,0.0,2.10682014369e-12
img_01673.jpg,0.999899506569,0.0,0.0,0.0,1.83986992397e-06,0.0,0.0,9.86869490589e-05
img_06189.jpg,1.0,0.0,0.0,0.0,2.62429162602e-12,0.0,0.0,7.41597064248e-14
img_05731.jpg,4.61242692441e-17,0.0,0.0,0.0,1.0,0.0,0.0,5.48568289618e-21
img_05673.jpg,0.00515379104763,0.0,0.0,0.0,5.41952225319e-08,3.36311631438e-44,0.0,0.994846105576
img_01177.jpg,1.0,0.0,0.0,0.0,5.2666166539e-08,0.0,0.0,3.51287443578e-09
img_05948.jpg,1.34388824396e-14,0.0,0.0,0.0,1.7362154451e-16,0.0,0.0,1.0
img_05209.jpg,0.999991297722,0.0,0.0,0.0,8.65847323439e-06,0.0,0.0,1.82320846788e-12
img_04266.jpg,1.2725622405e-21,0.0,0.0,0.0,2.80447637997e-20,1.79366203434e-43,0.0,1.0
img_03475.jpg,2.91982231579e-13,0.0,0.0,0.0,1.0,0.0,0.0,2.62152189041e-18
img_03087.jpg,7.14956582826e-09,0.0,0.0,0.0,1.0,0.0,0.0,1.79081508114e-25
img_07872.jpg,0.614462673664,2.52233723578e-44,0.0,0.0,0.385537296534,0.0,0.0,8.41771523596e-08
img_05792.jpg,6.6043706156e-26,0.0,0.0,0.0,7.78734591503e-33,0.0,0.0,1.0
img_05341.jpg,0.0265468247235,0.0,0.0,0.0,1.43764718814e-05,1.40129846432e-45,0.0,0.973438799381
img_06637.jpg,1.09246270828e-18,0.0,0.0,0.0,1.0,0.0,0.0,3.65827403093e-11
img_03996.jpg,0.970861256123,0.0,0.0,0.0,3.09030326662e-07,0.0,0.0,0.0291384067386
img_04835.jpg,1.03534327185e-22,0.0,0.0,0.0,3.27059893655e-18,6.37857047976e-41,0.0,1.0
img_06508.jpg,2.00498480041e-08,0.0,0.0,0.0,1.0,0.0,0.0,7.78283837377e-09
img_01595.jpg,1.10892951852e-05,0.0,0.0,0.0,0.999988913536,0.0,0.0,1.24341734825e-11
img_07213.jpg,0.255624979734,0.0,0.0,0.0,0.091177880764,0.0,0.0,0.653197169304
img_02641.jpg,1.0,0.0,0.0,0.0,2.88051147379e-08,0.0,0.0,1.96758345727e-10
img_05211.jpg,2.37540396682e-19,0.0,0.0,0.0,4.16736086351e-25,2.80259692865e-45,0.0,1.0
img_00816.jpg,0.999999761581,0.0,0.0,0.0,9.77678766938e-13,0.0,0.0,2.91160006327e-07
img_06662.jpg,0.00911687966436,0.0,0.0,0.0,0.990883052349,0.0,0.0,1.60087524834e-12
img_06373.jpg,8.1716270768e-26,0.0,0.0,0.0,2.83134782892e-29,0.0,0.0,1.0
img_05492.jpg,4.92119453016e-23,0.0,0.0,0.0,4.12276456513e-28,0.0,0.0,1.0
img_04423.jpg,0.00159314204939,0.0,0.0,0.0,3.57811758001e-09,0.0,0.0,0.99840682745
img_07467.jpg,0.999853134155,5.6051938573e-45,0.0,0.0,0.00010302427836,1.82168800362e-44,1.66334127715e-42,4.38333263446e-05
img_03488.jpg,1.0,0.0,0.0,0.0,5.0527830117e-20,0.0,0.0,1.59677018274e-08
img_06321.jpg,7.89937479476e-23,0.0,0.0,0.0,5.29667304322e-17,1.40129846432e-45,0.0,1.0
img_05156.jpg,0.999999761581,0.0,0.0,0.0,3.59883754741e-11,0.0,0.0,1.81895615015e-07
img_02857.jpg,1.58482307597e-05,1.40129846432e-45,0.0,0.0,0.999984145164,0.0,0.0,2.32423570678e-14
img_06302.jpg,1.0,0.0,0.0,0.0,2.15726904636e-18,0.0,0.0,2.1139796657e-17
img_07508.jpg,0.94672113657,0.0,0.0,0.0,3.84344856288e-12,0.0,0.0,0.0532788932323
img_02096.jpg,0.999908924103,0.0,0.0,0.0,1.30371982402e-14,0.0,0.0,9.11224706215e-05
img_03547.jpg,1.0,0.0,0.0,0.0,3.36755352061e-17,0.0,0.0,5.43287094999e-13
img_00598.jpg,0.0116966636851,0.0,0.0,0.0,0.000122957339045,0.0,0.0,0.988180398941
img_05754.jpg,3.64269041868e-19,0.0,0.0,0.0,1.24681139717e-21,0.0,0.0,1.0
img_01782.jpg,2.0964310149e-11,0.0,0.0,0.0,1.0,0.0,0.0,1.98859037585e-18
img_04221.jpg,1.0,0.0,0.0,0.0,1.12094586617e-17,0.0,0.0,3.49876264645e-18
img_06412.jpg,3.32786090351e-11,0.0,0.0,0.0,3.06703642179e-16,1.26116861789e-44,0.0,1.0
img_00808.jpg,0.999763190746,0.0,0.0,0.0,1.03920771988e-09,0.0,0.0,0.000236871594097
img_07590.jpg,0.999997377396,0.0,0.0,0.0,2.07862088653e-10,0.0,0.0,2.65463927462e-06
img_05293.jpg,2.7302572764e-20,0.0,0.0,0.0,1.97648322274e-17,1.40129846432e-44,0.0,1.0
img_03764.jpg,0.119012415409,0.0,0.0,0.0,4.60802016932e-16,0.0,0.0,0.880987584591
img_05185.jpg,1.0,0.0,0.0,0.0,1.76488272781e-12,0.0,0.0,3.18159913562e-13
img_00120.jpg,1.24566382859e-24,0.0,0.0,0.0,3.05836829115e-23,0.0,0.0,1.0
img_07818.jpg,0.999971628189,2.66246708222e-44,0.0,0.0,2.8084812584e-05,0.0,2.08793471184e-43,2.8816563713e-07
img_00005.jpg,2.1699053665e-10,0.0,0.0,0.0,1.0,0.0,0.0,4.21688205188e-12
img_05613.jpg,3.25610201995e-22,0.0,0.0,0.0,9.24520999548e-23,0.0,0.0,1.0
img_05653.jpg,0.99968111515,0.0,0.0,0.0,0.00024091542582,9.80908925027e-45,2.15198221003e-30,7.79414112912e-05
img_00071.jpg,1.0,0.0,0.0,0.0,2.51819524028e-14,0.0,0.0,4.09356691611e-14
img_02235.jpg,2.72453888118e-17,0.0,0.0,0.0,8.09199192376e-20,5.79142642321e-41,0.0,1.0
img_05572.jpg,1.08387680939e-21,0.0,0.0,0.0,3.9080393577e-25,0.0,0.0,1.0
img_07757.jpg,0.997371315956,1.3354374365e-42,0.0,0.0,0.00262767937966,0.0,0.0,9.86579948403e-07
img_03831.jpg,1.19380828348e-27,0.0,0.0,0.0,4.09458638041e-27,0.0,0.0,1.0
img_06975.jpg,1.59818239713e-25,0.0,0.0,0.0,3.24831166188e-29,0.0,0.0,1.0
img_02573.jpg,1.51510619162e-07,0.0,0.0,0.0,1.14137765905e-08,0.0,0.0,0.999999880791
img_04453.jpg,0.99998319149,0.0,0.0,0.0,1.67872040038e-05,0.0,0.0,7.09361390158e-18
img_03825.jpg,1.0,0.0,0.0,0.0,9.8095187284e-20,0.0,0.0,2.4229525687e-15
img_06097.jpg,2.7514965319e-17,0.0,0.0,0.0,1.07129286097e-16,0.0,0.0,1.0
img_07110.jpg,3.84929298889e-05,0.0,0.0,0.0,3.58644058451e-07,1.57926336929e-42,0.0,0.999961137772
img_00837.jpg,0.970696210861,0.0,0.0,0.0,6.10855465766e-07,0.0,0.0,0.0293032061309
img_01689.jpg,2.45641498578e-18,0.0,0.0,0.0,3.1471389214e-19,0.0,0.0,1.0
img_02507.jpg,7.60379407438e-06,0.0,0.0,0.0,0.000348821340594,0.0,0.0,0.999643564224
img_00119.jpg,2.47565396606e-17,0.0,0.0,0.0,1.0,0.0,0.0,2.50543751916e-25
img_04962.jpg,2.14463621669e-30,0.0,0.0,0.0,1.32926107906e-28,0.0,0.0,1.0
img_02487.jpg,0.999827742577,0.0,0.0,0.0,0.000167228005012,0.0,0.0,4.97195605931e-06
img_03223.jpg,1.0,0.0,0.0,0.0,1.1390546284e-09,0.0,0.0,2.92298889086e-12
img_07628.jpg,1.97096494681e-09,0.0,0.0,0.0,1.0,0.0,0.0,9.3663992747e-16
img_01171.jpg,9.12128816708e-05,0.0,0.0,0.0,0.999908804893,0.0,0.0,7.85127861942e-16
img_06010.jpg,4.22923714708e-20,0.0,0.0,0.0,1.7140322417e-23,0.0,0.0,1.0
img_00943.jpg,0.999999761581,0.0,0.0,0.0,2.6377867357e-07,0.0,0.0,1.73048260166e-08
img_00417.jpg,0.9981995821,0.0,0.0,0.0,1.8800709687e-12,0.0,0.0,0.001800353406
img_07068.jpg,1.19446334481e-21,0.0,0.0,0.0,2.6903627856e-25,0.0,0.0,1.0
img_04642.jpg,0.999986767769,0.0,0.0,0.0,2.23623302986e-07,0.0,0.0,1.29619020299e-05
img_00676.jpg,6.13722380614e-16,0.0,0.0,0.0,1.0,0.0,0.0,3.75205407479e-23
img_07436.jpg,2.09282362153e-22,0.0,0.0,0.0,1.14775246408e-23,0.0,0.0,1.0
img_04503.jpg,0.207309365273,0.0,0.0,0.0,0.792690634727,0.0,0.0,4.67901381228e-15
img_02285.jpg,1.0,0.0,0.0,0.0,2.04079103876e-14,0.0,0.0,1.84519859516e-15
img_00902.jpg,0.95026242733,4.21706619724e-39,0.0,0.0,0.0487924814224,3.15390245366e-40,3.90512496039e-23,0.000945096835494
img_03602.jpg,3.862884608e-14,0.0,0.0,0.0,2.84438203785e-14,5.27310573943e-39,0.0,1.0
img_02766.jpg,1.0,0.0,0.0,0.0,3.11728870344e-21,0.0,0.0,4.69044918059e-15
img_05603.jpg,0.0286695621908,0.0,0.0,0.0,0.00192456936929,3.36311631438e-44,0.0,0.969405829906
img_05273.jpg,0.067421592772,0.0,0.0,0.0,3.69210653162e-07,4.91883786947e-41,0.0,0.932577967644
img_05244.jpg,1.0,0.0,0.0,0.0,1.83846188273e-10,0.0,0.0,6.22767115654e-11
img_04136.jpg,0.999925255775,0.0,0.0,0.0,2.14428928302e-06,2.11596068113e-43,0.0,7.25966165191e-05
img_04183.jpg,9.45631763898e-05,0.0,0.0,0.0,0.099473439157,0.0,0.0,0.900431990623
img_05139.jpg,7.45722168911e-13,0.0,0.0,0.0,1.27196720845e-18,0.0,0.0,1.0
img_00760.jpg,1.0,0.0,0.0,0.0,7.16933781989e-17,0.0,0.0,1.11015688829e-12
img_07563.jpg,3.56292455998e-27,0.0,0.0,0.0,3.5789364981e-24,0.0,0.0,1.0
img_02194.jpg,0.999499320984,0.0,0.0,0.0,3.58373142717e-07,0.0,0.0,0.000500262714922
img_06806.jpg,1.0,0.0,0.0,0.0,9.07418779873e-13,0.0,0.0,1.73797404962e-13
img_07419.jpg,1.98068975753e-22,0.0,0.0,0.0,5.96823155043e-20,0.0,0.0,1.0
img_06186.jpg,1.0,0.0,0.0,0.0,1.13696593806e-10,0.0,0.0,7.42994802019e-17
img_04069.jpg,0.999982357025,0.0,0.0,0.0,7.85025430078e-12,0.0,0.0,1.75915483851e-05
img_04757.jpg,1.81965749836e-22,0.0,0.0,0.0,5.97862300687e-20,0.0,0.0,1.0
img_02252.jpg,0.999999880791,0.0,0.0,0.0,7.25728455109e-08,0.0,0.0,4.37988800783e-09
img_04282.jpg,6.09924157907e-19,0.0,0.0,0.0,1.31808270855e-19,5.6051938573e-45,0.0,1.0
img_06549.jpg,1.0,0.0,0.0,0.0,3.90117752759e-15,0.0,0.0,8.45882808242e-10
img_00618.jpg,1.0,0.0,0.0,0.0,3.78185696093e-08,0.0,0.0,1.12787335027e-09
img_05794.jpg,0.999999761581,0.0,0.0,0.0,1.43513034345e-07,1.90576591148e-43,0.0,6.14722850401e-08
img_05563.jpg,1.0,0.0,0.0,0.0,1.83396893674e-17,0.0,0.0,3.95379925091e-20
img_04130.jpg,2.25721706215e-07,0.0,0.0,0.0,4.80028261937e-17,0.0,0.0,0.999999761581
img_01224.jpg,2.90846931296e-15,0.0,0.0,0.0,2.48333433805e-17,0.0,0.0,1.0
img_01188.jpg,2.18031822733e-18,0.0,0.0,0.0,1.96335412933e-18,0.0,0.0,1.0
img_03471.jpg,1.0,0.0,0.0,0.0,3.00861486163e-20,0.0,0.0,8.04591202691e-13
img_06807.jpg,0.99262213707,0.0,0.0,0.0,0.00737791275606,0.0,0.0,5.70171376779e-09
img_05269.jpg,1.0,0.0,0.0,0.0,1.01828856458e-08,0.0,0.0,3.24298365939e-09
img_07910.jpg,1.0,0.0,0.0,0.0,1.08284942199e-18,0.0,0.0,7.33944149098e-16
img_04795.jpg,7.28529612051e-24,0.0,0.0,0.0,2.68206905911e-28,0.0,0.0,1.0
img_04507.jpg,2.99395115948e-26,0.0,0.0,0.0,1.22691240766e-25,0.0,0.0,1.0
img_01253.jpg,6.68648216115e-25,0.0,0.0,0.0,9.40649740086e-32,0.0,0.0,1.0
img_05817.jpg,7.52194157308e-26,0.0,0.0,0.0,5.4009618098e-22,2.80259692865e-45,0.0,1.0
img_00164.jpg,8.07538583558e-07,0.0,0.0,0.0,4.09251742894e-06,0.0,0.0,0.999995112419
img_03222.jpg,1.0,0.0,0.0,0.0,5.58270236193e-23,0.0,0.0,1.61322219201e-22
img_07623.jpg,0.597578525543,0.0,0.0,0.0,0.402421504259,0.0,0.0,9.47528810968e-09
img_03410.jpg,0.984516143799,0.0,0.0,0.0,0.015483870171,0.0,0.0,4.77153140946e-14
img_02656.jpg,1.0,0.0,0.0,0.0,6.68613461377e-15,0.0,0.0,1.24965215953e-09
img_02954.jpg,0.0058229425922,0.0,0.0,0.0,0.673744559288,0.0,0.0,0.320432513952
img_00230.jpg,0.439360141754,0.0,0.0,0.0,1.851731125e-15,0.0,0.0,0.560639798641
img_02749.jpg,1.0,0.0,0.0,0.0,2.48068692731e-14,0.0,0.0,3.11326800945e-16
img_02356.jpg,4.07913239542e-06,0.0,0.0,0.0,1.9266285789e-10,0.0,0.0,0.999995946884
img_02811.jpg,1.0,0.0,0.0,0.0,6.68106003938e-15,0.0,0.0,1.58228874447e-10
img_02651.jpg,0.999999761581,0.0,0.0,0.0,1.44370080335e-08,0.0,0.0,2.71707932598e-07
img_02268.jpg,1.0,0.0,0.0,0.0,1.47093510705e-08,0.0,0.0,3.53007900689e-11
img_02299.jpg,1.0,0.0,0.0,0.0,7.4332457211e-22,0.0,0.0,4.07218272232e-14
img_05459.jpg,1.0,0.0,0.0,0.0,1.83367611481e-16,0.0,0.0,2.14993807804e-13
img_07469.jpg,8.29150788751e-20,0.0,0.0,0.0,3.55885328275e-25,0.0,0.0,1.0
img_04076.jpg,0.999997735023,0.0,0.0,0.0,4.74839993714e-11,1.40129846432e-45,0.0,2.23121423915e-06
img_01543.jpg,1.0,0.0,0.0,0.0,1.08576225788e-09,0.0,0.0,3.4986815528e-11
img_06174.jpg,1.0,0.0,0.0,0.0,1.37249924967e-11,0.0,0.0,2.28059332944e-16
img_03166.jpg,0.156258374453,0.0,0.0,0.0,0.843732953072,0.0,0.0,8.68344613991e-06
img_06902.jpg,0.96254503727,0.0,0.0,0.0,0.0374549888074,0.0,0.0,1.31642590162e-08
img_03444.jpg,4.03832927987e-05,0.0,0.0,0.0,2.19510919858e-11,0.0,0.0,0.999959588051
img_06585.jpg,6.1097075843e-08,0.0,0.0,0.0,0.999999880791,0.0,0.0,4.49187797756e-20
img_06349.jpg,1.20701615957e-17,0.0,0.0,0.0,1.0,0.0,0.0,9.80372667182e-26
img_03952.jpg,0.0022008784581,0.0,0.0,0.0,5.32248412011e-10,0.0,0.0,0.997799098492
img_04013.jpg,1.53256469602e-19,0.0,0.0,0.0,2.94632913086e-20,4.66436206835e-41,0.0,1.0
img_02602.jpg,1.0,0.0,0.0,0.0,4.78280803851e-10,0.0,0.0,5.10685582711e-09
img_03726.jpg,1.75627488489e-21,0.0,0.0,0.0,1.67910463626e-23,1.75862957273e-42,0.0,1.0
img_01222.jpg,1.0,0.0,0.0,0.0,2.47046149486e-20,0.0,0.0,1.19629273935e-12
img_06916.jpg,1.0,0.0,0.0,0.0,4.19257549617e-15,0.0,0.0,1.42142360707e-13
img_07375.jpg,1.89278692375e-22,0.0,0.0,0.0,3.86219892424e-18,0.0,0.0,1.0
img_05322.jpg,0.999997377396,0.0,0.0,0.0,2.64772165792e-06,0.0,0.0,3.12665393793e-13
img_02726.jpg,7.54940265324e-05,0.0,0.0,0.0,0.997719466686,0.0,0.0,0.00220496323891
img_02565.jpg,1.11208285607e-24,0.0,0.0,0.0,3.33350046647e-27,0.0,0.0,1.0
img_04263.jpg,0.955892324448,0.0,0.0,0.0,0.000288677285425,0.0,0.0,0.0438190437853
img_00244.jpg,1.0,0.0,0.0,0.0,8.24999585432e-18,0.0,0.0,6.6328875816e-15
img_07060.jpg,4.51020819529e-31,0.0,0.0,0.0,2.258004178e-27,0.0,0.0,1.0
img_03892.jpg,3.5389372566e-26,0.0,0.0,0.0,2.15995989936e-27,0.0,0.0,1.0
img_02563.jpg,6.95718762354e-19,0.0,0.0,0.0,1.0,0.0,0.0,3.70374113323e-11
img_06038.jpg,1.19426980264e-17,0.0,0.0,0.0,1.30654449543e-18,0.0,0.0,1.0
img_01103.jpg,1.59408534728e-06,0.0,0.0,0.0,2.79313958327e-16,0.0,0.0,0.999998450279
img_01541.jpg,4.23187421179e-17,0.0,0.0,0.0,1.0,0.0,0.0,1.13116645844e-22
img_07514.jpg,0.00866166781634,0.0,0.0,0.0,0.967172384262,5.75375104543e-36,0.0,0.0241659022868
img_01803.jpg,8.44735105687e-17,0.0,0.0,0.0,4.51428871565e-23,0.0,0.0,1.0
img_00648.jpg,1.0,1.40129846432e-45,0.0,0.0,1.08792532275e-11,0.0,0.0,3.3763974689e-13
img_00493.jpg,2.90589385887e-10,0.0,0.0,0.0,0.999668598175,0.0,0.0,0.000331430550432
img_02216.jpg,2.7718903084e-07,0.0,0.0,0.0,0.00215092115104,0.0,0.0,0.99784886837
img_05268.jpg,7.69164525165e-22,0.0,0.0,0.0,2.20052118322e-19,0.0,0.0,1.0
img_04321.jpg,8.16991931163e-17,0.0,0.0,0.0,5.67219869474e-22,0.0,0.0,1.0
img_01862.jpg,0.00354260508902,0.0,0.0,0.0,8.6625914264e-07,1.76171242935e-41,0.0,0.996456563473
img_01932.jpg,0.999999880791,0.0,0.0,0.0,3.18629496121e-08,0.0,0.0,1.23686717757e-07
img_02135.jpg,7.92090767976e-11,0.0,0.0,0.0,1.0,0.0,0.0,2.87871949837e-24
img_02384.jpg,3.31389146129e-24,0.0,0.0,0.0,4.41098970725e-25,0.0,0.0,1.0
img_02078.jpg,0.00402632262558,0.0,0.0,0.0,0.995829999447,0.0,0.0,0.000143611629028
img_03853.jpg,0.00673237629235,0.0,0.0,0.0,1.89935378536e-09,0.0,0.0,0.993267655373
img_00985.jpg,2.79216364249e-16,0.0,0.0,0.0,7.03204021549e-24,1.18129460543e-42,0.0,1.0
img_01373.jpg,7.11809616405e-06,0.0,0.0,0.0,0.983697474003,0.0,0.0,0.0162953734398
img_05976.jpg,1.29085396745e-27,0.0,0.0,0.0,1.22915289096e-23,0.0,0.0,1.0
img_01717.jpg,0.161391884089,0.0,0.0,0.0,0.830451488495,0.0,0.0,0.00815663021058
img_02904.jpg,0.999901652336,0.0,0.0,0.0,4.58178064378e-08,0.0,0.0,9.83508070931e-05
img_00375.jpg,0.600740194321,0.0,0.0,0.0,0.344574928284,7.00649232162e-45,0.0,0.0546848475933
img_06401.jpg,2.85588508408e-14,0.0,0.0,0.0,1.0,0.0,0.0,2.28993577572e-11
img_00292.jpg,5.25683999538e-16,0.0,0.0,0.0,6.59028725936e-23,1.68155815719e-44,0.0,1.0
img_00763.jpg,1.62061187439e-05,0.0,0.0,0.0,0.999983787537,0.0,0.0,2.21149921292e-13
img_04257.jpg,5.83566725254e-05,0.0,0.0,0.0,0.999941587448,0.0,0.0,2.52772824894e-08
img_03527.jpg,1.14477501589e-30,0.0,0.0,0.0,6.86514457867e-36,0.0,0.0,1.0
img_07908.jpg,1.0,0.0,0.0,0.0,1.6645995346e-11,0.0,0.0,2.7476270148e-09
img_04233.jpg,4.97559296229e-17,0.0,0.0,0.0,4.71300394544e-11,1.27742368008e-41,0.0,1.0
img_01571.jpg,0.000123046032968,0.0,0.0,0.0,0.998986303806,0.0,0.0,0.000890619354323
img_03776.jpg,8.61725027335e-07,0.0,0.0,0.0,4.2777776086e-14,0.0,0.0,0.999999165535
img_00272.jpg,1.0,0.0,0.0,0.0,6.07091129077e-15,0.0,0.0,3.29171689906e-09
img_03490.jpg,4.5739539928e-05,0.0,0.0,0.0,0.000104267593997,0.0,0.0,0.999849915504
img_06496.jpg,1.0,0.0,0.0,0.0,5.27701763309e-14,0.0,0.0,3.71450779042e-19
img_07251.jpg,2.08774109327e-25,0.0,0.0,0.0,4.3072455619e-26,0.0,0.0,1.0
img_06203.jpg,6.15834466781e-19,0.0,0.0,0.0,9.25648384703e-27,1.40129846432e-44,0.0,1.0
img_00777.jpg,1.0,0.0,0.0,0.0,2.08556261691e-15,0.0,0.0,8.43912233931e-13
img_02367.jpg,0.999999284744,0.0,0.0,0.0,7.48956836105e-07,0.0,0.0,1.31407248834e-16
img_00773.jpg,0.999981999397,0.0,0.0,0.0,1.80333263415e-05,0.0,0.0,5.78793590833e-09
img_02066.jpg,0.0138079058379,0.0,0.0,0.0,9.1873735073e-06,0.0,0.0,0.986182928085
img_01716.jpg,2.4912082703e-18,0.0,0.0,0.0,1.0,0.0,0.0,9.34276763476e-25
img_01996.jpg,4.09336168002e-15,0.0,0.0,0.0,1.04820394985e-13,2.9104969104e-42,0.0,1.0
img_01684.jpg,0.00877595506608,0.0,0.0,0.0,6.56626532661e-12,0.0,0.0,0.991224050522
img_03520.jpg,0.00423839176074,0.0,0.0,0.0,4.19484531449e-05,0.0,0.0,0.995719730854
img_04101.jpg,1.0,0.0,0.0,0.0,1.91797018674e-16,0.0,0.0,6.99228674961e-10
img_00175.jpg,0.999999880791,0.0,0.0,0.0,2.04088194658e-16,0.0,0.0,8.83615385305e-08
img_01552.jpg,1.0,0.0,0.0,0.0,1.11144783882e-22,0.0,0.0,2.76202462204e-16
img_07663.jpg,0.999986410141,0.0,0.0,0.0,5.94309469483e-19,0.0,0.0,1.35566197059e-05
img_03588.jpg,1.97241506576e-18,0.0,0.0,0.0,3.91967715067e-14,7.28535071602e-42,0.0,1.0
img_00138.jpg,0.000806141120847,0.0,0.0,0.0,0.000153532848344,0.0,0.0,0.999040305614
img_03456.jpg,2.30077865397e-16,0.0,0.0,0.0,1.0,0.0,0.0,3.1823297696e-19
img_02270.jpg,0.16882763803,0.0,0.0,0.0,0.00234849308617,0.0,0.0,0.828823924065
img_05960.jpg,1.38554965957e-20,0.0,0.0,0.0,4.06997625298e-22,0.0,0.0,1.0
img_07859.jpg,1.14312200518e-21,0.0,0.0,0.0,1.0,0.0,0.0,4.42491132769e-32
img_05587.jpg,1.0,0.0,0.0,0.0,4.51981206071e-19,0.0,0.0,2.86311787124e-21
img_05064.jpg,2.29921824939e-05,0.0,0.0,0.0,0.000115499162348,0.0,0.0,0.999861478806
img_03346.jpg,1.0,0.0,0.0,0.0,4.63163443145e-14,0.0,0.0,2.30582561508e-13
img_03943.jpg,1.0,0.0,0.0,0.0,3.70248536691e-14,0.0,0.0,6.19557669057e-11
img_04726.jpg,2.95581245931e-17,0.0,0.0,0.0,1.0,0.0,0.0,1.69680786899e-20
img_01371.jpg,0.999994397163,0.0,0.0,0.0,5.66030348637e-06,0.0,0.0,2.20893211864e-15
img_00302.jpg,1.59279839384e-22,0.0,0.0,0.0,5.65544588841e-25,0.0,0.0,1.0
img_00979.jpg,2.72365146372e-20,0.0,0.0,0.0,3.42364421176e-22,0.0,0.0,1.0
img_05838.jpg,0.99972897768,0.0,0.0,0.0,0.000270955875749,0.0,0.0,3.48893955176e-14
img_06780.jpg,3.05428601486e-24,0.0,0.0,0.0,1.44864826587e-25,0.0,0.0,1.0
img_00962.jpg,1.94924814119e-27,0.0,0.0,0.0,9.89845021029e-36,0.0,0.0,1.0
img_02282.jpg,1.04197251811e-21,0.0,0.0,0.0,2.74143532002e-27,0.0,0.0,1.0
img_00708.jpg,1.1277714619e-29,0.0,0.0,0.0,1.54765736993e-27,0.0,0.0,1.0
img_07561.jpg,1.0,0.0,0.0,0.0,6.50444011735e-17,0.0,0.0,5.20316103571e-13
img_00564.jpg,1.16690958654e-13,0.0,0.0,0.0,1.0,0.0,0.0,2.71793069144e-14
img_06812.jpg,1.0,0.0,0.0,0.0,5.50693157741e-10,0.0,0.0,1.39152582624e-18
img_04554.jpg,1.0,0.0,0.0,0.0,2.58351829513e-11,0.0,0.0,6.75518649904e-19
img_06368.jpg,0.000127072140458,0.0,0.0,0.0,0.25287553668,0.0,0.0,0.746997356415
img_04661.jpg,1.0,0.0,0.0,0.0,5.87263906917e-18,0.0,0.0,1.18272430153e-14
img_01405.jpg,1.0,0.0,0.0,0.0,3.23558684014e-21,0.0,0.0,1.92294602279e-22
img_03135.jpg,2.02245180931e-24,0.0,0.0,0.0,1.0377872753e-29,0.0,0.0,1.0
img_01366.jpg,0.999999284744,0.0,0.0,0.0,1.42794897949e-14,0.0,0.0,7.38902485864e-07
img_00102.jpg,2.91421981683e-24,0.0,0.0,0.0,1.46114630967e-18,0.0,0.0,1.0
img_06922.jpg,9.65371845364e-27,0.0,0.0,0.0,1.21472783083e-28,0.0,0.0,1.0
img_01627.jpg,1.0,0.0,0.0,0.0,6.68760160408e-26,0.0,0.0,1.32938136478e-15
img_02146.jpg,1.0,0.0,0.0,0.0,2.26455600938e-08,0.0,0.0,2.51774642801e-12
img_01955.jpg,3.07543332244e-18,0.0,0.0,0.0,1.99142429274e-23,0.0,0.0,1.0
img_07147.jpg,2.33452715709e-14,0.0,0.0,0.0,1.0,0.0,0.0,2.08393518113e-20
img_07050.jpg,0.993624329567,0.0,0.0,0.0,2.29141711031e-13,5.6051938573e-45,0.0,0.00637569371611
img_07580.jpg,1.17791125073e-21,0.0,0.0,0.0,3.86674435299e-23,4.18988240833e-43,0.0,1.0
img_01286.jpg,0.999988555908,0.0,0.0,0.0,6.20396065187e-07,0.0,0.0,1.083571442e-05
img_02699.jpg,0.99631267786,0.0,0.0,0.0,0.00039723754162,0.0,0.0,0.00329000223428
img_00591.jpg,1.5283367537e-28,0.0,0.0,0.0,2.22197514036e-31,0.0,0.0,1.0
img_00982.jpg,7.10641046009e-10,0.0,0.0,0.0,9.94835991364e-10,0.0,0.0,1.0
img_04118.jpg,1.0,0.0,0.0,0.0,1.79890891072e-09,0.0,0.0,1.64284581219e-14
img_03923.jpg,0.968712985516,0.0,0.0,0.0,0.0312869884074,0.0,0.0,2.75552773958e-13
img_05393.jpg,1.0,0.0,0.0,0.0,1.48344854655e-18,0.0,0.0,2.23688081946e-11
img_05260.jpg,0.999999880791,0.0,0.0,0.0,5.27035375342e-08,0.0,0.0,6.88449190989e-08
img_04872.jpg,1.0,0.0,0.0,0.0,9.00610142018e-12,2.80259692865e-45,0.0,4.06779943063e-09
img_07583.jpg,1.0,0.0,0.0,0.0,2.29575447541e-09,0.0,0.0,1.58577617704e-09
img_00007.jpg,0.863996982574,0.0,0.0,0.0,7.45367900478e-19,0.0,0.0,0.136003002524
img_00999.jpg,4.7298729939e-29,0.0,0.0,0.0,4.37176929949e-27,0.0,0.0,1.0
img_06663.jpg,0.99994301796,0.0,0.0,0.0,1.54047833517e-11,1.82168800362e-44,0.0,5.70281918044e-05
img_01511.jpg,1.0,0.0,0.0,0.0,4.77478213218e-12,0.0,0.0,1.4118127778e-09
img_07120.jpg,4.78208335153e-07,0.0,0.0,0.0,4.39065939162e-09,0.0,0.0,0.999999523163
img_06962.jpg,1.33713575112e-25,0.0,0.0,0.0,1.00539465332e-27,0.0,0.0,1.0
img_05654.jpg,1.0,0.0,0.0,0.0,3.12744317199e-17,0.0,0.0,2.68418222802e-17
img_02556.jpg,3.06621507086e-25,0.0,0.0,0.0,2.49027364041e-28,0.0,0.0,1.0
img_00646.jpg,4.55222571204e-17,0.0,0.0,0.0,9.14260914166e-19,0.0,0.0,1.0
img_07352.jpg,1.15432605696e-07,0.0,0.0,0.0,3.21960014205e-09,0.0,0.0,0.999999880791
img_05236.jpg,6.28764217409e-20,0.0,0.0,0.0,1.70540618528e-20,0.0,0.0,1.0
img_06001.jpg,1.0,0.0,0.0,0.0,4.54854459653e-10,0.0,0.0,6.1675436893e-13
img_05021.jpg,1.42624238975e-19,0.0,0.0,0.0,1.0,0.0,0.0,2.89374665767e-25
img_00723.jpg,0.918978452682,0.0,0.0,0.0,0.0805215239525,0.0,0.0,0.000500026158988
img_06211.jpg,1.0,0.0,0.0,0.0,4.66132511824e-21,0.0,0.0,3.12032328144e-13
img_04425.jpg,0.381163775921,0.0,0.0,0.0,2.80438243157e-13,0.0,0.0,0.618836224079
img_02309.jpg,1.0,1.26116861789e-43,0.0,0.0,2.07561034332e-11,5.7032847498e-43,4.20389539297e-45,8.66864469096e-10
img_07348.jpg,0.733343660831,0.0,0.0,0.0,0.265815347433,0.0,0.0,0.000840964203235
img_05722.jpg,0.999999642372,0.0,0.0,0.0,3.99271510765e-15,0.0,0.0,3.16329760608e-07
img_05755.jpg,1.0,0.0,0.0,0.0,3.5436239081e-19,0.0,0.0,1.71689237365e-15
img_04888.jpg,0.283874422312,0.0,0.0,0.0,0.716125547886,1.85461851753e-41,0.0,4.85529290384e-11
img_01204.jpg,8.09034792249e-22,0.0,0.0,0.0,1.0,0.0,0.0,2.58863431323e-29
img_00487.jpg,1.81728271855e-17,0.0,0.0,0.0,1.0,0.0,0.0,8.78537236585e-15
img_00128.jpg,3.79686168975e-23,0.0,0.0,0.0,1.17485981053e-21,0.0,0.0,1.0
img_01632.jpg,1.0,0.0,0.0,0.0,6.74690065152e-17,0.0,0.0,1.84845111439e-10
img_07538.jpg,1.22189941617e-27,0.0,0.0,0.0,3.1086042147e-31,0.0,0.0,1.0
img_04181.jpg,0.999999046326,0.0,0.0,0.0,7.94033837792e-07,0.0,0.0,8.23522015025e-08
img_03548.jpg,3.98895638432e-30,0.0,0.0,0.0,6.2480932589e-28,0.0,0.0,1.0
img_02422.jpg,3.14701505144e-14,0.0,0.0,0.0,3.48472141065e-19,9.80908925027e-45,0.0,1.0
img_04496.jpg,0.469424307346,0.0,0.0,0.0,7.44425099342e-09,0.0,0.0,0.530575692654
img_04115.jpg,2.62451171906e-12,0.0,0.0,0.0,4.37342228879e-19,0.0,0.0,1.0
img_00966.jpg,0.00666450662538,0.0,0.0,0.0,0.993335485458,0.0,0.0,5.15011500113e-08
img_03128.jpg,2.51300248008e-30,0.0,0.0,0.0,9.99680599727e-29,0.0,0.0,1.0
img_02159.jpg,0.0426782369614,0.0,0.0,0.0,1.79700909939e-05,0.0,0.0,0.957303762436
img_04156.jpg,1.0,0.0,0.0,0.0,1.83900881719e-14,0.0,0.0,1.11115054935e-08
img_07574.jpg,1.0,0.0,0.0,0.0,2.72054731174e-12,0.0,0.0,3.1519888289e-14
img_06099.jpg,0.999903798103,0.0,0.0,0.0,9.61398036452e-05,0.0,0.0,1.79975112178e-17
img_05489.jpg,0.698195278645,0.0,0.0,0.0,6.17907011365e-14,0.0,0.0,0.30180478096
img_03342.jpg,1.0383762342e-16,0.0,0.0,0.0,8.20164903349e-16,1.66754517255e-43,0.0,1.0
img_03750.jpg,3.5581549673e-21,0.0,0.0,0.0,4.18928859282e-27,0.0,0.0,1.0
img_02871.jpg,3.16707315626e-25,0.0,0.0,0.0,3.48347466503e-25,0.0,0.0,1.0
img_03229.jpg,7.44894813486e-28,0.0,0.0,0.0,2.07621191304e-30,0.0,0.0,1.0
img_01834.jpg,1.82442413274e-16,0.0,0.0,0.0,6.81245810651e-18,0.0,0.0,1.0
img_00599.jpg,1.06916262238e-22,0.0,0.0,0.0,4.81678869321e-26,0.0,0.0,1.0
img_01688.jpg,6.60346513448e-18,0.0,0.0,0.0,4.34191885667e-20,0.0,0.0,1.0
img_00948.jpg,0.859027266502,0.0,0.0,0.0,0.140960678458,2.80259692865e-45,0.0,1.20533013614e-05
img_05251.jpg,8.57302288031e-23,0.0,0.0,0.0,5.71047195394e-23,0.0,0.0,1.0
img_06646.jpg,0.999809920788,6.51603785911e-43,0.0,0.0,0.000189864847925,0.0,0.0,2.0287875202e-07
img_06369.jpg,1.37973684669e-13,0.0,0.0,0.0,1.0,0.0,0.0,1.49910270829e-12
img_02412.jpg,0.999927163124,0.0,0.0,0.0,7.24288474885e-05,0.0,0.0,4.11992999716e-07
img_06003.jpg,1.0,0.0,0.0,0.0,2.22534729359e-12,0.0,0.0,2.91097568272e-09
img_05463.jpg,3.93593060982e-23,0.0,0.0,0.0,7.47980555391e-23,0.0,0.0,1.0
img_02799.jpg,0.999971866608,2.9147008058e-43,0.0,0.0,2.60786582658e-05,5.6051938573e-45,3.63356691799e-42,1.98350085157e-06
img_02625.jpg,9.90347319817e-21,0.0,0.0,0.0,1.25376112796e-20,1.69557114183e-43,0.0,1.0
img_03974.jpg,0.999944925308,0.0,0.0,0.0,1.04397249743e-05,0.0,0.0,4.45531732112e-05
img_01198.jpg,0.822694599628,9.80908925027e-45,0.0,0.0,0.177288070321,0.0,0.0,1.73811586137e-05
img_07474.jpg,0.935137271881,0.0,0.0,0.0,3.22743858305e-07,0.0,0.0,0.064862318337
img_00212.jpg,0.984672009945,0.0,0.0,0.0,9.52449230596e-12,0.0,0.0,0.0153279285878
img_04310.jpg,0.999999046326,0.0,0.0,0.0,3.57698093367e-09,0.0,0.0,1.01180296497e-06
img_03290.jpg,1.54368834128e-28,0.0,0.0,0.0,1.33446944364e-27,0.0,0.0,1.0
img_06959.jpg,0.631442546844,0.0,0.0,0.0,0.36855751276,0.0,0.0,1.11036379744e-11
img_05813.jpg,0.988840639591,0.0,0.0,0.0,4.13508953063e-18,0.0,0.0,0.0111593781039
img_04432.jpg,0.999998688698,3.22298646795e-44,0.0,0.0,1.22721064599e-06,2.80259692865e-45,6.51603785911e-43,1.59599863991e-07
img_04766.jpg,1.00957179357e-13,0.0,0.0,0.0,1.98696744749e-18,0.0,0.0,1.0
img_02769.jpg,3.55342828344e-17,0.0,0.0,0.0,1.11129160649e-21,0.0,0.0,1.0
img_07526.jpg,7.33480252446e-14,0.0,0.0,0.0,2.16099619481e-14,0.0,0.0,1.0
img_03069.jpg,3.43120644393e-19,0.0,0.0,0.0,2.62086394264e-24,0.0,0.0,1.0
img_05488.jpg,1.0,0.0,0.0,0.0,4.34157755161e-17,0.0,0.0,2.30435184823e-10
img_03116.jpg,0.00878717843443,0.0,0.0,0.0,0.991212785244,0.0,0.0,1.00053784702e-10
img_04546.jpg,5.50771611952e-15,0.0,0.0,0.0,5.93963380023e-21,0.0,0.0,1.0
img_00533.jpg,4.75034574647e-20,0.0,0.0,0.0,6.45389309535e-18,0.0,0.0,1.0
img_05981.jpg,0.623650610447,0.0,0.0,0.0,0.376340299845,0.0,0.0,9.0392140919e-06
img_02622.jpg,7.40638860449e-21,0.0,0.0,0.0,1.70614281913e-26,1.40129846432e-45,0.0,1.0
img_03739.jpg,4.98237763534e-23,0.0,0.0,0.0,2.57518207573e-20,0.0,0.0,1.0
img_01856.jpg,0.209529280663,0.0,0.0,0.0,0.0512459985912,0.0,0.0,0.739224672318
img_05336.jpg,1.0,0.0,0.0,0.0,5.43727507463e-10,0.0,0.0,1.09617974776e-15
img_04405.jpg,1.72166917004e-20,0.0,0.0,0.0,2.63158595862e-22,0.0,0.0,1.0
img_03043.jpg,9.6744705074e-20,0.0,0.0,0.0,7.03180907294e-21,0.0,0.0,1.0
img_07318.jpg,4.15417856093e-14,0.0,0.0,0.0,1.02668974776e-24,0.0,0.0,1.0
img_03199.jpg,6.71507554423e-13,0.0,0.0,0.0,1.60888763268e-17,0.0,0.0,1.0
img_02703.jpg,0.152148127556,0.0,0.0,0.0,1.36628568725e-06,0.0,0.0,0.847850501537
img_06685.jpg,3.54656585841e-05,0.0,0.0,0.0,0.999964356422,0.0,0.0,1.09838445894e-07
img_02920.jpg,1.0,0.0,0.0,0.0,4.60771963422e-22,0.0,0.0,3.18188485792e-24
img_02916.jpg,1.0,0.0,0.0,0.0,3.83122110426e-11,0.0,0.0,1.36026662156e-10
img_02993.jpg,1.38328815091e-14,0.0,0.0,0.0,1.89200727674e-22,0.0,0.0,1.0
img_06521.jpg,1.06674724388e-21,0.0,0.0,0.0,1.83187547703e-20,0.0,0.0,1.0
img_05896.jpg,1.0,0.0,0.0,0.0,9.62331833041e-18,0.0,0.0,1.30622750741e-15
img_01043.jpg,0.000231806188822,0.0,0.0,0.0,0.999741613865,0.0,0.0,2.66058123088e-05
img_00582.jpg,1.0,0.0,0.0,0.0,1.55213376873e-11,0.0,0.0,1.36733465804e-13
img_01616.jpg,1.0,0.0,0.0,0.0,3.02734122215e-08,0.0,0.0,1.63198776715e-09
img_07501.jpg,0.884140014648,5.73502416002e-40,0.0,0.0,0.115859843791,0.0,0.0,1.18183820064e-07
img_02486.jpg,0.000500797235873,0.0,0.0,0.0,4.33189144278e-11,0.0,0.0,0.999499201775
img_06345.jpg,0.999994635582,0.0,0.0,0.0,6.25210785921e-11,0.0,0.0,5.3325989029e-06
img_03270.jpg,1.56290724806e-09,0.0,0.0,0.0,5.52319127933e-11,0.0,0.0,1.0
img_00717.jpg,1.0,0.0,0.0,0.0,1.48589514001e-18,0.0,0.0,1.86757430718e-17
img_01211.jpg,0.999391198158,0.0,0.0,0.0,0.000608208007179,0.0,0.0,5.6200195786e-07
img_07905.jpg,1.86632791143e-17,0.0,0.0,0.0,2.02479301437e-22,0.0,0.0,1.0
img_03231.jpg,6.05129741871e-07,0.0,0.0,0.0,8.48106265039e-06,0.0,0.0,0.999990940094
img_06921.jpg,0.99998486042,0.0,0.0,0.0,1.03610700535e-05,0.0,0.0,4.71654175271e-06
img_05410.jpg,1.98772457624e-19,0.0,0.0,0.0,7.54550535856e-19,0.0,0.0,1.0
img_06899.jpg,0.744097650051,0.0,0.0,0.0,0.255886048079,0.0,0.0,1.62939522852e-05
img_04586.jpg,0.999374330044,0.0,0.0,0.0,8.16800132305e-13,2.80259692865e-45,0.0,0.000625689746812
img_02702.jpg,1.0,0.0,0.0,0.0,2.42362622459e-16,0.0,0.0,1.72081162156e-17
img_05119.jpg,0.999371707439,0.0,0.0,0.0,1.59776692202e-13,0.0,0.0,0.000628340698313
img_03935.jpg,0.301262408495,0.0,0.0,0.0,0.698737382889,0.0,0.0,1.53163639993e-07
img_04272.jpg,0.999838590622,0.0,0.0,0.0,7.34195424457e-08,0.0,0.0,0.000161215866683
img_02291.jpg,1.0,0.0,0.0,0.0,2.66035502164e-20,0.0,0.0,7.85379621309e-15
img_01633.jpg,1.17865448304e-11,0.0,0.0,0.0,1.17817371578e-18,0.0,0.0,1.0
img_06748.jpg,7.57711299486e-28,0.0,0.0,0.0,2.7720643198e-30,0.0,0.0,1.0
img_05378.jpg,1.0,0.0,0.0,0.0,6.14828732698e-15,0.0,0.0,1.44267065167e-17
img_02734.jpg,1.0,0.0,0.0,0.0,4.29192875684e-10,0.0,0.0,3.17472853562e-11
img_07833.jpg,1.0,0.0,0.0,0.0,8.59426627459e-17,0.0,0.0,7.25981940546e-19
img_06021.jpg,4.45548765487e-23,0.0,0.0,0.0,3.19635195277e-30,0.0,0.0,1.0
img_04324.jpg,1.0,0.0,0.0,0.0,3.63381258417e-09,0.0,0.0,2.24298747264e-21
img_07191.jpg,0.000224184754188,0.0,0.0,0.0,0.00272215320729,0.0,0.0,0.997053623199
img_07417.jpg,5.4781641911e-25,0.0,0.0,0.0,3.3953263614e-24,0.0,0.0,1.0
img_05074.jpg,0.999922275543,0.0,0.0,0.0,7.77299283072e-05,0.0,0.0,2.68481878439e-13
img_03563.jpg,8.80208754097e-05,0.0,0.0,0.0,6.48998688124e-10,0.0,0.0,0.999912023544
img_05735.jpg,2.45634448439e-22,0.0,0.0,0.0,7.19943896083e-22,0.0,0.0,1.0
img_00543.jpg,1.0,1.95341005927e-42,0.0,0.0,7.27211735274e-10,9.40271269562e-43,9.92119312742e-43,8.32574426068e-11
img_00894.jpg,0.999978065491,0.0,0.0,0.0,1.9183195036e-05,0.0,0.0,2.71228918791e-06
img_02124.jpg,1.17818005447e-15,0.0,0.0,0.0,4.34515659668e-17,3.60133705331e-43,0.0,1.0
img_03967.jpg,1.0,0.0,0.0,0.0,7.82796136939e-13,0.0,0.0,4.24478724739e-12
img_01681.jpg,1.0,0.0,0.0,0.0,6.25694212154e-13,0.0,0.0,3.36434480275e-09
img_06630.jpg,1.75575108815e-30,0.0,0.0,0.0,5.82710229138e-30,0.0,0.0,1.0
img_00442.jpg,6.17962275929e-25,0.0,0.0,0.0,8.02761743707e-26,0.0,0.0,1.0
img_06966.jpg,4.80359739813e-25,0.0,0.0,0.0,2.33607525565e-23,0.0,0.0,1.0
img_02172.jpg,0.00232952390797,0.0,0.0,0.0,1.7533841401e-06,1.72808126621e-41,0.0,0.997668683529
img_03361.jpg,0.999963998795,0.0,0.0,0.0,3.31414557877e-05,0.0,0.0,2.85642568087e-06
img_04415.jpg,0.999508738518,0.0,0.0,0.0,1.23671595187e-09,0.0,0.0,0.000491228071041
img_03239.jpg,0.975490629673,5.67617382841e-39,0.0,0.0,0.0241279937327,6.85417117855e-40,2.26073323318e-22,0.000381329999072
img_04410.jpg,1.0,0.0,0.0,0.0,4.85699362673e-11,0.0,0.0,2.00793104144e-16
img_04959.jpg,0.995679855347,0.0,0.0,0.0,1.45668182086e-05,0.0,0.0,0.00430548982695
img_01530.jpg,0.999983668327,0.0,0.0,0.0,1.73448131591e-06,0.0,0.0,1.45989533848e-05
img_06914.jpg,3.55589104169e-12,0.0,0.0,0.0,0.999999880791,0.0,0.0,1.01570904576e-07
img_06909.jpg,0.997767925262,0.0,0.0,0.0,1.85116765666e-12,0.0,0.0,0.00223205890507
img_05438.jpg,1.0,0.0,0.0,0.0,1.12376383754e-08,0.0,0.0,8.60728988084e-10
img_06268.jpg,1.26908345004e-18,0.0,0.0,0.0,6.47512035309e-12,0.0,0.0,1.0
img_01802.jpg,0.844532012939,0.0,0.0,0.0,0.155463546515,0.0,0.0,4.40578287453e-06
img_06946.jpg,1.47148433461e-24,0.0,0.0,0.0,2.65192241411e-22,0.0,0.0,1.0
img_03652.jpg,0.994548857212,0.0,0.0,0.0,0.00021595742146,0.0,0.0,0.00523514393717
img_01831.jpg,1.0,0.0,0.0,0.0,3.18606045756e-18,0.0,0.0,2.49064876533e-17
img_00730.jpg,2.61881116786e-27,0.0,0.0,0.0,8.07435652125e-27,0.0,0.0,1.0
img_07578.jpg,1.6843825841e-25,0.0,0.0,0.0,2.36063922815e-30,0.0,0.0,1.0
img_03871.jpg,2.17731776502e-05,0.0,0.0,0.0,4.08591965817e-10,0.0,0.0,0.9999781847
img_07371.jpg,9.81763974381e-28,0.0,0.0,0.0,7.61392610729e-24,0.0,0.0,1.0
img_06985.jpg,0.327215194702,0.0,0.0,0.0,6.01233523412e-06,0.0,0.0,0.672778785229
img_00152.jpg,1.61246266592e-18,0.0,0.0,0.0,8.99237816078e-29,0.0,0.0,1.0
img_06658.jpg,2.44931509474e-24,0.0,0.0,0.0,2.87839667245e-27,0.0,0.0,1.0
img_00654.jpg,0.000302967586322,0.0,0.0,0.0,9.71797433635e-08,0.0,0.0,0.999696969986
img_01392.jpg,5.54566376471e-23,0.0,0.0,0.0,1.5888603059e-29,0.0,0.0,1.0
img_04145.jpg,1.75441998891e-21,0.0,0.0,0.0,1.42197848049e-18,1.40129846432e-45,0.0,1.0
img_00280.jpg,0.998718738556,0.0,0.0,0.0,1.31441549911e-06,0.0,0.0,0.00127993465867
img_06734.jpg,1.33793275836e-06,0.0,0.0,0.0,1.11948844292e-11,0.0,0.0,0.999998688698
img_04024.jpg,1.35029213609e-20,0.0,0.0,0.0,1.26024338861e-21,0.0,0.0,1.0
img_02764.jpg,0.930672049522,0.0,0.0,0.0,0.0677711740136,0.0,0.0,0.00155676179565
img_03064.jpg,1.09863850981e-20,0.0,0.0,0.0,4.1273073188e-23,0.0,0.0,1.0
img_02546.jpg,0.000481358641991,0.0,0.0,0.0,0.972361564636,0.0,0.0,0.0271570589393
img_02001.jpg,2.49399732026e-23,0.0,0.0,0.0,3.03765156685e-21,0.0,0.0,1.0
img_04073.jpg,2.12575969473e-19,0.0,0.0,0.0,1.05993645732e-14,4.20389539297e-45,0.0,1.0
img_00027.jpg,2.17852021456e-20,0.0,0.0,0.0,2.04705550154e-18,0.0,0.0,1.0
img_01116.jpg,0.999994277954,0.0,0.0,0.0,1.00774992734e-13,0.0,0.0,5.66944390812e-06
img_03181.jpg,1.0,0.0,0.0,0.0,9.37925431765e-12,0.0,0.0,2.2289330278e-19
img_00046.jpg,1.0,0.0,0.0,0.0,7.09774417018e-09,0.0,0.0,2.37488029242e-10
img_06525.jpg,0.997020661831,0.0,0.0,0.0,6.0056993334e-07,0.0,0.0,0.00297873024829
img_06311.jpg,1.0,0.0,0.0,0.0,2.81503200741e-14,0.0,0.0,1.30618642962e-17
img_02231.jpg,0.965518832207,0.0,0.0,0.0,0.00949244387448,1.82168800362e-44,0.0,0.0249887555838
img_00133.jpg,0.134896501899,0.0,0.0,0.0,0.865103542805,0.0,0.0,4.97336671845e-10
img_01773.jpg,5.43554395727e-21,0.0,0.0,0.0,1.65086688684e-23,0.0,0.0,1.0
img_04585.jpg,2.96731395011e-09,0.0,0.0,0.0,1.0,0.0,0.0,1.64437974348e-09
img_00486.jpg,1.0,0.0,0.0,0.0,1.93658489245e-09,0.0,0.0,4.93263069279e-12
img_00172.jpg,3.1438455812e-15,0.0,0.0,0.0,1.0,0.0,0.0,5.76933920331e-19
img_00009.jpg,1.0,0.0,0.0,0.0,2.98446325569e-19,0.0,0.0,4.29872736249e-18
img_03587.jpg,2.12335758727e-22,0.0,0.0,0.0,1.83924687101e-22,0.0,0.0,1.0
img_02759.jpg,2.16071156527e-18,0.0,0.0,0.0,5.10763801858e-23,0.0,0.0,1.0
img_01771.jpg,1.0,0.0,0.0,0.0,5.38123273939e-17,0.0,0.0,8.46581580337e-14
img_01562.jpg,1.87286031306e-25,0.0,0.0,0.0,3.15824037931e-26,0.0,0.0,1.0
img_02347.jpg,0.36667996645,3.7197047346e-40,0.0,0.0,0.611231505871,0.0,0.0,0.0220884848386
img_02876.jpg,7.77619285441e-16,0.0,0.0,0.0,1.30673519778e-16,0.0,0.0,1.0
img_04870.jpg,0.999990820885,0.0,0.0,0.0,9.12606901693e-06,0.0,0.0,4.50812911307e-12
img_06892.jpg,0.998922348022,0.0,0.0,0.0,3.08129965987e-09,0.0,0.0,0.00107773672789
img_03399.jpg,1.0,0.0,0.0,0.0,5.76163736946e-13,0.0,0.0,5.04944641655e-10
img_04520.jpg,0.00359867769293,0.0,0.0,0.0,0.00427340529859,0.0,0.0,0.992127895355
img_03310.jpg,1.0,0.0,0.0,0.0,4.97546517942e-15,0.0,0.0,1.16072195258e-11
img_05963.jpg,6.52861302013e-29,0.0,0.0,0.0,5.54796408311e-25,0.0,0.0,1.0
img_01444.jpg,8.04026857855e-20,0.0,0.0,0.0,9.71596718605e-20,0.0,0.0,1.0
img_04991.jpg,4.25877209306e-25,0.0,0.0,0.0,4.63688401121e-22,1.40129846432e-45,0.0,1.0
img_04003.jpg,1.0,0.0,0.0,0.0,1.57025966259e-14,0.0,0.0,1.83097564888e-11
img_01537.jpg,0.000422143377364,0.0,0.0,0.0,2.30577848015e-06,5.06751563654e-41,0.0,0.999575555325
img_03333.jpg,4.68894410892e-16,0.0,0.0,0.0,3.42557514515e-16,3.55103043845e-41,0.0,1.0
img_07044.jpg,1.37700123944e-15,0.0,0.0,0.0,1.58081811886e-16,0.0,0.0,1.0
img_05147.jpg,0.999998807907,0.0,0.0,0.0,1.53557406574e-15,0.0,0.0,1.19933804399e-06
img_02974.jpg,0.979404687881,0.0,0.0,0.0,3.56853547601e-06,0.0,0.0,0.0205917023122
img_01853.jpg,6.36164084696e-19,0.0,0.0,0.0,6.15052507013e-27,0.0,0.0,1.0
img_05433.jpg,3.42833955225e-20,0.0,0.0,0.0,5.34795509791e-18,1.40129846432e-45,0.0,1.0
img_03210.jpg,5.43664530134e-35,0.0,0.0,0.0,1.05531070637e-33,0.0,0.0,1.0
img_01289.jpg,7.04883655354e-21,0.0,0.0,0.0,1.99571539945e-21,0.0,0.0,1.0
img_07086.jpg,8.26060627283e-26,0.0,0.0,0.0,3.84498200776e-27,0.0,0.0,1.0
img_05284.jpg,1.0,0.0,0.0,0.0,2.40340386481e-12,0.0,0.0,1.07648712167e-09
img_03252.jpg,1.0,0.0,0.0,0.0,1.59874416471e-24,0.0,0.0,3.02013365458e-22
img_03942.jpg,1.0,0.0,0.0,0.0,2.16130647992e-13,0.0,0.0,4.23926174165e-08
img_04370.jpg,0.999999880791,0.0,0.0,0.0,3.47232038678e-08,0.0,0.0,7.76620296961e-08
img_00129.jpg,6.80191432852e-26,0.0,0.0,0.0,2.8039211541e-27,0.0,0.0,1.0
img_00612.jpg,6.87383317088e-17,0.0,0.0,0.0,9.735501293e-16,2.96928558488e-38,0.0,1.0
img_05076.jpg,2.46194096144e-25,0.0,0.0,0.0,1.16938215636e-29,0.0,0.0,1.0
img_04427.jpg,1.97288445497e-30,0.0,0.0,0.0,5.4995418286e-25,0.0,0.0,1.0
img_03140.jpg,1.0,0.0,0.0,0.0,5.4388278603e-11,0.0,0.0,1.58621461235e-13
img_05196.jpg,3.4283468956e-23,0.0,0.0,0.0,1.0,0.0,0.0,1.94801990946e-29
img_04138.jpg,1.04269533461e-15,0.0,0.0,0.0,1.0,0.0,0.0,1.26288711502e-26
img_03220.jpg,0.999992966652,0.0,0.0,0.0,6.98494750395e-06,0.0,0.0,1.33246769476e-17
img_04885.jpg,8.52459305012e-16,0.0,0.0,0.0,3.70198867034e-19,6.19986456816e-38,0.0,1.0
img_01593.jpg,8.28628758567e-28,0.0,0.0,0.0,1.07427782482e-28,0.0,0.0,1.0
img_03928.jpg,4.70495524433e-19,0.0,0.0,0.0,9.16702618837e-25,0.0,0.0,1.0
img_03055.jpg,1.0,0.0,0.0,0.0,1.44813699335e-14,0.0,0.0,7.7906781766e-17
img_07043.jpg,1.59849699666e-13,0.0,0.0,0.0,1.0,0.0,0.0,3.46403357387e-11
img_06642.jpg,5.14252754176e-26,0.0,0.0,0.0,6.47396964e-24,0.0,0.0,1.0
img_05078.jpg,2.01256900034e-10,0.0,0.0,0.0,8.64949282276e-16,0.0,0.0,1.0
img_07553.jpg,3.072213417e-07,0.0,0.0,0.0,0.999999642372,0.0,0.0,1.8776295509e-19
img_06698.jpg,2.71838751733e-21,0.0,0.0,0.0,2.16777762641e-19,0.0,0.0,1.0
img_01142.jpg,0.999693870544,0.0,0.0,0.0,2.32627553487e-06,0.0,0.0,0.000303816137603
img_00798.jpg,1.0,0.0,0.0,0.0,6.53619476251e-12,0.0,0.0,4.59494725255e-12
img_04285.jpg,6.2627654747e-29,0.0,0.0,0.0,7.31660127667e-24,0.0,0.0,1.0
img_07188.jpg,1.0,0.0,0.0,0.0,1.59380650899e-08,0.0,0.0,1.28135768662e-09
img_02006.jpg,0.979694545269,0.0,0.0,0.0,0.0198427401483,0.0,0.0,0.000462719501229
img_01519.jpg,5.44019369782e-20,0.0,0.0,0.0,2.84110269156e-17,0.0,0.0,1.0
img_06947.jpg,2.86351742318e-09,0.0,0.0,0.0,1.0,0.0,0.0,1.15482354446e-15
img_02318.jpg,0.999850869179,0.0,0.0,0.0,4.11210665519e-09,0.0,0.0,0.000149069703184
img_03837.jpg,1.0,0.0,0.0,0.0,1.70806602564e-16,0.0,0.0,3.39923320611e-13
img_00757.jpg,4.61898116555e-06,0.0,0.0,0.0,8.00785604493e-10,0.0,0.0,0.999995350838
img_06065.jpg,2.08825403429e-22,0.0,0.0,0.0,3.80092116797e-22,0.0,0.0,1.0
img_00857.jpg,1.0,0.0,0.0,0.0,1.15729960623e-19,0.0,0.0,4.03746658464e-17
img_05908.jpg,4.08218347092e-14,0.0,0.0,0.0,1.0,0.0,0.0,6.85639554182e-16
img_01983.jpg,1.12480824654e-08,0.0,0.0,0.0,0.421283006668,0.0,0.0,0.578716993332
img_03440.jpg,4.20060555278e-33,0.0,0.0,0.0,6.1269838025e-29,0.0,0.0,1.0
img_03457.jpg,0.00842647906393,0.0,0.0,0.0,1.9759703207e-07,9.59917474032e-41,0.0,0.991573274136
img_06510.jpg,1.0,0.0,0.0,0.0,2.47083401772e-16,0.0,0.0,5.15350817576e-10
img_00289.jpg,0.999992966652,0.0,0.0,0.0,7.00771306583e-06,0.0,0.0,1.23276361341e-10
img_02188.jpg,4.32596806615e-26,0.0,0.0,0.0,1.39307593686e-19,0.0,0.0,1.0
img_07156.jpg,1.0,0.0,0.0,0.0,1.76806781021e-11,0.0,0.0,3.35680159884e-12
img_05640.jpg,0.999971628189,0.0,0.0,0.0,2.83705376205e-05,0.0,0.0,6.06242070433e-11
img_01237.jpg,0.999998807907,0.0,0.0,0.0,1.1888479321e-06,0.0,0.0,4.61742430957e-08
img_05824.jpg,2.78487730626e-16,0.0,0.0,0.0,1.0,0.0,0.0,5.13989458634e-13
img_02949.jpg,0.999999403954,0.0,0.0,0.0,5.90389049648e-07,0.0,0.0,5.42038527777e-13
img_07045.jpg,1.0,0.0,0.0,0.0,9.92747661854e-09,0.0,0.0,3.63691921024e-09
img_06440.jpg,3.45253069484e-18,0.0,0.0,0.0,2.66086399621e-19,9.80908925027e-45,0.0,1.0
img_01685.jpg,1.39263438541e-05,0.0,0.0,0.0,0.999954342842,0.0,0.0,3.16964396916e-05
img_06207.jpg,1.0,0.0,0.0,0.0,1.42735407914e-17,0.0,0.0,3.06466283462e-08
img_00285.jpg,4.9776146699e-21,0.0,0.0,0.0,2.9651912722e-21,0.0,0.0,1.0
img_07700.jpg,2.15371383092e-05,0.0,0.0,0.0,0.004063653294,0.0,0.0,0.995914757252
img_00765.jpg,8.13389637661e-20,0.0,0.0,0.0,2.83940938046e-19,0.0,0.0,1.0
img_01379.jpg,0.231793358922,0.0,0.0,0.0,6.14299835888e-07,0.0,0.0,0.768206059933
img_03929.jpg,6.30758511091e-19,0.0,0.0,0.0,1.77256481765e-19,3.0363335125e-41,0.0,1.0
